변환,원자료
"1990","712.05"
"1991","733.83"
"1992","781.09"
"1993","802.75"
"1994","803.46"
"1995","770.94"
"1996","805.13"
"1997","953.58"
"1998","1,394.97"
"1999","1,188.65"
"2000","1,131.12"
"2001","1,290.99"
"2002","1,250.65"
"2003","1,191.85"
"2004","1,143.74"
"2005","1,024.13"
"2006","955.08"
"2007","929.16"
"2008","1,103.36"
"2009","1,276.35"
"2010","1,156.00"
"2011","1,107.99"
"2012","1,126.76"
"2013","1,095.04"
"2014","1,053.12"
"2015","1,131.52"
"2016","1,160.41"
"2017","1,130.48"
"2018","1,100.58"
"2019","1,166.11"
"2020","1,180.01"
"2021","1,144.61"
"2022","1,292.20"
"2023","1,305.93"
"2024","1,364.38"
"2025","1,421.97"