year,industry_code,shock_baseline_1111only,shock_extended_1111_1119,diff_1119_effect
2015,I3101,-1.1011753698600204,-1.1017333696732772,-0.000557999813256771
2015,I3102,-0.3638987112023211,-0.36405680219219716,-0.00015809098987606962
2015,I3103,-0.4955024681277282,-0.4957411909070483,-0.00023872277932013297
2015,I3104,-0.6119237262586896,-0.6122159042301534,-0.00029217797146374735
2015,I3105,-0.40917802388720637,-0.4094066190710359,-0.0002285951838295608
2015,I3106,-0.9164757856179507,-0.9169809382293433,-0.0005051526113926119
2015,I3107,-0.7040421426142709,-0.7046169515161541,-0.000574808901883217
2015,I3108,-1.0424811114023351,-1.0428301424316326,-0.0003490310292975085
2015,I3109,-3.6051628078605624,-3.6056574070490566,-0.0004945991884941492
2015,I3201,-10.898781247829923,-10.899086706683025,-0.0003054588531021807
2015,I3202,-2.482354529933777,-2.4828230753633616,-0.00046854542958474354
2015,I3203,-1.1657494844126104,-1.1666786618355696,-0.0009291774229591709
2015,I3204,-1.669226876464231,-1.670394261411718,-0.0011673849474869158
2015,I3205,-1.1057856092452754,-1.1065861340722936,-0.0008005248270182008
2015,I3206,-0.9496697845695002,-0.9503899008998885,-0.0007201163303882652
2015,I3207,-1.1857417328935378,-1.1865976125702593,-0.000855879676721516
2015,I3208,-1.0831216163230692,-1.08477438652963,-0.0016527702065607386
2015,I3209,-0.9320278561808256,-0.9330685311178701,-0.0010406749370445167
2015,I3301,-33.317946869300556,-33.3181162767204,-0.00016940741984683427
2015,I3302,-2.7743286860194245,-2.7784519718993916,-0.004123285879967131
2015,I3303,-2.597655538314415,-2.5985947175934365,-0.0009391792790216513
2015,I3304,-1.175024968732699,-1.1756145016061543,-0.0005895328734553118
2015,I3305,-1.1906043980742014,-1.191276085502409,-0.0006716874282075569
2015,I3306,-2.5663261675435325,-2.56707928969338,-0.0007531221498475738
2015,I3307,-4.8554740442296165,-4.856766822533155,-0.0012927783035383555
2015,I3308,-2.677928372151805,-2.6784710153106315,-0.0005426431588264613
2015,I3309,-3.276832087591373,-3.2772343164109197,-0.00040222881954665723
2015,I3310,-2.7413034508447485,-2.742401465155352,-0.0010980143106036344
2015,I3311,-1.3312919860669639,-1.3321940800743906,-0.0009020940074266903
2015,I3312,-1.5988221071063935,-1.5999538501147414,-0.0011317430083479518
2015,I3401,-1.7032201488412773,-1.7039675206603413,-0.0007473718190640355
2015,I3402,-0.07839187742654617,-0.07860519338399798,-0.00021331595745180398
2015,I3403,-2.200233946103914,-2.2161393314931006,-0.0159053853891864
2015,I3404,-0.767359574373173,-0.9317036158477188,-0.16434404147454573
2015,I3405,-1.170137668113469,-1.1856907545492703,-0.015553086435801333
2015,I3406,-1.8652586663848598,-1.8662802584771605,-0.0010215920923006827
2015,I3407,-0.8843527479348919,-0.8858721066147892,-0.0015193586798972758
2015,I3408,-0.8724094291149951,-0.8730284518780993,-0.0006190227631042156
2015,I3409,-1.3587518103666245,-1.361107463910274,-0.0023556535436495274
2015,I3410,-1.0386022648257418,-1.0436977930263125,-0.005095528200570687
2016,I3101,-0.37151123426369964,-0.371450431026043,6.080323765661477e-05
2016,I3102,-0.20796232874406886,-0.20794510213610154,1.7226607967324448e-05
2016,I3103,-0.20951306580324244,-0.20948705303847048,2.6012764771959906e-05
2016,I3104,-0.22034602337656511,-0.22031418579129203,3.183758527308678e-05
2016,I3105,-0.1632849849866336,-0.16326007578960638,2.49091970272175e-05
2016,I3106,-0.3345033794219286,-0.33444833475425373,5.5044667674863934e-05
2016,I3107,-0.2725632537315075,-0.272500618867771,6.26348637365326e-05
2016,I3108,-0.29230271877832603,-0.2922646861193184,3.803265900764741e-05
2016,I3109,-1.6069331539494665,-1.606879259250421,5.3894699045375916e-05
2016,I3201,-3.5010189000772556,-3.5009856153219596,3.32847552959592e-05
2016,I3202,-0.8358542094909266,-0.8358031537765138,5.1055714412773234e-05
2016,I3203,-0.5610019901584926,-0.5609007410284192,0.00010124913007336644
2016,I3204,-0.8374476016628987,-0.8373203959135195,0.00012720574937918894
2016,I3205,-0.45107497726277723,-0.4509877469445033,8.723031827395644e-05
2016,I3206,-0.39582942556140127,-0.3957509570685151,7.846849288617452e-05
2016,I3207,-0.5398263264817214,-0.5397330643440775,9.326213764382363e-05
2016,I3208,-0.3535161458731716,-0.3533360494335782,0.00018009643959338018
2016,I3209,-0.3876849942820665,-0.3875715956679145,0.00011339861415199382
2016,I3301,-10.550329330806568,-10.550310871087827,1.84597187402602e-05
2016,I3302,-0.7662148223028085,-0.7657655226340099,0.0004492996687985862
2016,I3303,-0.8465878632370114,-0.8464855242405676,0.00010233899644385147
2016,I3304,-0.606351509732071,-0.606287270449979,6.423928209198237e-05
2016,I3305,-1.1413718248986167,-1.1412986335294477,7.319136916894564e-05
2016,I3306,-0.8461539674283916,-0.8460719024097774,8.20650186141858e-05
2016,I3307,-1.7460342873544286,-1.7458934179409271,0.00014086941350144322
2016,I3308,-0.5795009748040036,-0.5794418449258836,5.912987812006776e-05
2016,I3309,-2.328670792737887,-2.3286269633065393,4.382943134784156e-05
2016,I3310,-0.5956716431355713,-0.5955519964556051,0.00011964667996622325
2016,I3311,-0.6552421697665106,-0.6551438718190578,9.829794745286335e-05
2016,I3312,-0.6697883438666379,-0.6696650218914904,0.00012332197514752785
2016,I3401,-0.580759071586598,-0.5806776331608982,8.143842569985349e-05
2016,I3402,-0.29231216617276923,-0.29228892189822153,2.324427454769573e-05
2016,I3403,-0.716328804178959,-0.7145956513985048,0.0017331527804542723
2016,I3404,-0.17808751036943093,-0.16017952980415828,0.017907980565272652
2016,I3405,-0.37872269506014716,-0.3770279310326635,0.0016947640274836417
2016,I3406,-0.4499138981668598,-0.4498025789418339,0.00011131922502588543
2016,I3407,-1.0330891913014382,-1.0329236322372508,0.00016555906418735944
2016,I3408,-0.6917067071434023,-0.6916392544538391,6.745268956320771e-05
2016,I3409,-0.4135690569778527,-0.4133123698628244,0.0002566871150282979
2016,I3410,-0.3595896601169032,-0.3590344186906435,0.0005552414262596783
2017,I3101,0.4682666633066436,0.46848599118060047,0.00021932787395684272
2017,I3102,0.0899460708371044,0.09000821021399572,6.213937689131255e-05
2017,I3103,0.257188773849931,0.2572826064255151,9.38325755840963e-05
2017,I3104,0.2944123019341564,0.2945271456523364,0.00011484371817999106
2017,I3105,0.21209277004026106,0.21218262185467923,8.985181441817369e-05
2017,I3106,0.5162213345867717,0.5164198902953011,0.00019855570852944648
2017,I3107,0.3564135401148373,0.3566394749832482,0.00022593486841093746
2017,I3108,1.2630609100809047,1.2631981005096147,0.00013719042870996567
2017,I3109,1.770299186760669,1.7704935943319549,0.0001944075712858595
2017,I3201,4.364324727970153,4.364444791882793,0.0001200639126395231
2017,I3202,0.9932045917731686,0.993388758632156,0.00018416685898747787
2017,I3203,0.8778264459824237,0.8781916692385334,0.00036522325610977013
2017,I3204,1.480774859244238,1.4812337125494517,0.00045885330521366896
2017,I3205,0.7566319265485042,0.7569465815074992,0.0003146549589949643
2017,I3206,0.5083038874229713,0.5085869369509342,0.0002830495279628753
2017,I3207,0.9487097927494071,0.9490462055319896,0.00033641278258245144
2017,I3208,0.6449684414249717,0.6456180806666562,0.0006496392416844854
2017,I3209,0.6669048586142334,0.6673139071766155,0.0004090485623821083
2017,I3301,13.411148242114052,13.411214829536386,6.65874223333418e-05
2017,I3302,1.7042905528456747,1.7059112550471527,0.0016207022014780303
2017,I3303,1.0969686533243663,1.097337807918397,0.0003691545940307517
2017,I3304,0.28754087534890693,0.2877725976339162,0.0002317222850092837
2017,I3305,-0.1505628931993028,-0.15029887917619333,0.00026401402310946565
2017,I3306,1.0972355608437905,1.097531583666794,0.0002960228230035611
2017,I3307,1.8339108281610108,1.8344189686837788,0.0005081405227680413
2017,I3308,2.7316227483132702,2.7318360400877744,0.00021329177450413184
2017,I3309,3.853986682749909,3.854144783146611,0.00015810039670194342
2017,I3310,1.9646790546918367,1.965110641116415,0.00043158642457830076
2017,I3311,1.2257319410759382,1.2260865189020551,0.0003545778261169197
2017,I3312,1.6539659060587972,1.6544107499135605,0.00044484385476328825
2017,I3401,0.3661187089005023,0.36641247149367207,0.00029376259316976627
2017,I3402,-0.19697474038539686,-0.19689089423649603,8.384614890083464e-05
2017,I3403,1.0209525301287161,1.0272043142314993,0.006251784102783153
2017,I3404,0.34044453572088695,0.4050417423108116,0.06459720658992463
2017,I3405,0.510629887357422,0.5167431965385159,0.006113309181093873
2017,I3406,1.0407301703553802,1.0411317181988244,0.000401547843444261
2017,I3407,1.886457583655933,1.8870547840512069,0.0005972003952738891
2017,I3408,1.187102400435838,1.1873457140415724,0.00024331360573448535
2017,I3409,0.8611063286729777,0.862032243827845,0.0009259151548673961
2017,I3410,0.5058312838949033,0.5078341364772284,0.002002852582325132
2018,I3101,0.47473272839513636,0.47485601169857766,0.00012328330344130167
2018,I3102,0.1409528209027253,0.14098774919304582,3.4928290320535016e-05
2018,I3103,0.21141568795387672,0.21146843086192452,5.274290804779813e-05
2018,I3104,0.24870548887544558,0.24877004206105435,6.455318560877332e-05
2018,I3105,0.16199168030251235,0.16204218564094391,5.050533843156679e-05
2018,I3106,0.3916041694511286,0.39171577680510067,0.00011160735397208743
2018,I3107,0.2903719360600334,0.29049893312811137,0.00012699706807794975
2018,I3108,0.08548835793490364,0.08556547211536217,7.711418045852625e-05
2018,I3109,1.597178551770902,1.5972878274738473,0.00010927570294527733
2018,I3201,4.574116972286906,4.574184459722531,6.74874356247912e-05
2018,I3202,1.051115111114416,1.0512186305547442,0.00010351944032827021
2018,I3203,0.44812177591714153,0.44832706641986936,0.00020529050272782845
2018,I3204,0.5663387844094921,0.5665967039809592,0.0002579195714670357
2018,I3205,0.538768139184463,0.5389450054536209,0.00017686626915791592
2018,I3206,0.4194938974486372,0.419652998433912,0.0001591009852748293
2018,I3207,0.535027335625933,0.5352164318789919,0.00018909625305896238
2018,I3208,0.47879927269872563,0.47916443226697886,0.00036515956825322604
2018,I3209,0.4294932413367812,0.42972316586542686,0.00022992452864567525
2018,I3301,13.966241509910226,13.96627893842875,3.7428518524507126e-05
2018,I3302,-0.02733255927047351,-0.026421569172916715,0.0009109900975567964
2018,I3303,1.0994331895163136,1.0996406898080533,0.00020750029173965956
2018,I3304,0.5401892334889313,0.5403194836402757,0.0001302501513443799
2018,I3305,0.6499889249283988,0.6501373261340302,0.000148401205631421
2018,I3306,1.0927507922027528,1.0929171854242599,0.00016639322150702185
2018,I3307,2.0773510770899,2.077636700805341,0.00028562371544094134
2018,I3308,1.4891637188887015,1.4892836093252582,0.00011989043655669107
2018,I3309,0.9014004205580949,0.9014892881462822,8.886758818726914e-05
2018,I3310,1.1418486501641882,1.1420912431332557,0.00024259296906747885
2018,I3311,0.7268601907275083,0.7270594974774535,0.00019930674994517172
2018,I3312,1.094616993172374,1.094867038088879,0.00025004491650504335
2018,I3401,0.6412510822820285,0.6414162050375639,0.00016512275553537403
2018,I3402,-0.05184644462585741,-0.05179931504751954,4.712957833787057e-05
2018,I3403,0.9221951236987991,0.9257092260456116,0.0035141023468124866
2018,I3404,0.28983233162526234,0.32614215799532653,0.03630982637006419
2018,I3405,0.4742116613348947,0.4776479274929836,0.003436266158088952
2018,I3406,1.082273085164125,1.0824987935692465,0.00022570840512159407
2018,I3407,1.7294938962684778,1.7298295801750307,0.00033568390655291935
2018,I3408,1.104240810842802,1.1043775764282515,0.00013676558544961637
2018,I3409,0.6064561051374063,0.6069765582696921,0.0005204531322857697
2018,I3410,0.4547108619913923,0.4558366572594559,0.0011257952680635563
2019,I3101,-0.05677129500259796,-0.05733899113227464,-0.0005676961296766786
2019,I3102,0.25904876086145406,0.25888792273757444,-0.00016083812387962526
2019,I3103,0.07331745528776495,0.0730745842425316,-0.00024287104523335046
2019,I3104,-0.00848746706947199,-0.008784722193283946,-0.00029725512381195696
2019,I3105,-0.00046508574447049096,-0.0006976532078274422,-0.00023256746335695126
2019,I3106,-0.05301696859766773,-0.05353089920404176,-0.0005139306063740301
2019,I3107,0.003166625955147986,0.002581828646707629,-0.0005847973084403572
2019,I3108,-0.17503016500943414,-0.17538526112194486,-0.00035509611251072215
2019,I3109,-0.07230560538479666,-0.072808799182319,-0.0005031937975223388
2019,I3201,-0.5358606136307994,-0.5361713804170267,-0.00031076678622732334
2019,I3202,0.25901887351639175,0.2585421862117839,-0.0004766873046078701
2019,I3203,0.017771795874634906,0.016826472212753806,-0.0009453236618810999
2019,I3204,-0.12307481445619735,-0.12426248495497959,-0.0011876704987822395
2019,I3205,-0.07952982941905912,-0.08034426489952251,-0.0008144354804633935
2019,I3206,0.018976765048194164,0.018244135316129673,-0.0007326297320644909
2019,I3207,-0.2232533094183064,-0.22412406164509985,-0.0008707522267934475
2019,I3208,-0.09012065400178003,-0.09180214425897791,-0.0016814902571978818
2019,I3209,-0.10045530637787158,-0.1015140650368818,-0.0010587586590102283
2019,I3301,-1.856024211824786,-1.8561965630232988,-0.0001723511985127768
2019,I3302,-0.14551129232943855,-0.14970622820575402,-0.004194935876315475
2019,I3303,-0.13976990851278354,-0.1407254078321491,-0.0009554993193655603
2019,I3304,0.3406588732581872,0.3400590961209434,-0.0005997771372437954
2019,I3305,1.209065334575655,1.208381975290783,-0.0006833592848720649
2019,I3306,-0.09336759540063852,-0.09413380449154626,-0.0007662090909077435
2019,I3307,0.031234938548524688,0.02991969574375483,-0.0013152428047698561
2019,I3308,-0.48769649118546,-0.4882485638093974,-0.0005520726239374163
2019,I3309,-0.4835591619271076,-0.48396838024345157,-0.0004092183163439955
2019,I3310,-0.38463558141999515,-0.3857526758340974,-0.0011170944141022376
2019,I3311,-0.18483472600127646,-0.1857524956213626,-0.000917769620086134
2019,I3312,0.19401635337107495,0.19286494415844876,-0.0011514092126261866
2019,I3401,0.04080496129044975,0.0400446024533459,-0.0007603588371038472
2019,I3402,0.022337175806403157,0.022120153075271997,-0.00021702273113115983
2019,I3403,-0.35151181262237435,-0.3676935845727217,-0.016181771950347368
2019,I3404,-0.24668612164111714,-0.413885955877608,-0.16719983423649087
2019,I3405,-0.0807391405598114,-0.09656249168711464,-0.015823351127303237
2019,I3406,-0.31944868442493585,-0.3204880286381938,-0.0010393442132579644
2019,I3407,-2.1192999943222204,-2.120845754771734,-0.0015457604495137112
2019,I3408,-1.1783213857066037,-1.1789511651768603,-0.0006297794702565529
2019,I3409,-0.3296694159814728,-0.33206600352114224,-0.002396587539669426
2019,I3410,0.10043948601988581,0.09525541324889503,-0.005184072770990783
2020,I3101,-0.7233241953080083,-0.7239475757327974,-0.000623380424789155
2020,I3102,0.1436210532007933,0.14344443875382945,-0.00017661444696384643
2020,I3103,-0.21722937006870177,-0.21749606389913667,-0.0002666938304348998
2020,I3104,-0.37013373136719824,-0.37046014371293357,-0.0003264123457353274
2020,I3105,-0.247870822108794,-0.24812620169748728,-0.0002553795886932886
2020,I3106,-0.5462529684132794,-0.5468173095510217,-0.0005643411377422858
2020,I3107,-0.39317619357052946,-0.39381835259803366,-0.0006421590275041966
2020,I3108,-0.7880778125442517,-0.7884677393975209,-0.00038992685326921794
2020,I3109,-2.456065867731072,-2.45661841890564,-0.0005525511745680944
2020,I3201,-7.5677528169869746,-7.568094066329856,-0.0003412493428811558
2020,I3202,-1.077266457926593,-1.0777899026339,-0.0005234447073070303
2020,I3203,-0.6658833510976984,-0.6669213998619947,-0.001038048764296362
2020,I3204,-0.5102128924953702,-0.5115170594631142,-0.001304166967744047
2020,I3205,-0.5915653820681037,-0.5924597040640345,-0.000894321995930758
2020,I3206,-0.46515128726834665,-0.4659557793367488,-0.0008044920684021628
2020,I3207,-0.692086592142297,-0.6930427548931929,-0.0009561627508959392
2020,I3208,-0.621430428969416,-0.6232768535899395,-0.0018464246205234236
2020,I3209,-0.5568226698089985,-0.5579852802058298,-0.0011626103968312984
2020,I3301,-23.25881072717628,-23.258999983994716,-0.00018925681843739994
2020,I3302,-1.6790869916101643,-1.6836934012223455,-0.004606409612181173
2020,I3303,-1.7639130066899398,-1.7649622292237117,-0.0010492225337719319
2020,I3304,-0.6494958897068734,-0.6501544979077198,-0.0006586082008464
2020,I3305,-0.36875147163276195,-0.3695018604041804,-0.0007503887714184754
2020,I3306,-1.6745265411711021,-1.675367906337427,-0.0008413651663248256
2020,I3307,-3.2601110620330336,-3.26155531464544,-0.001444252612406327
2020,I3308,-1.0425503204611062,-1.0431565448985012,-0.0006062244373949977
2020,I3309,-0.022611942518096895,-0.02306130032509679,-0.0004493578069998949
2020,I3310,-1.0265294007947154,-1.0277560689962217,-0.001226668201506298
2020,I3311,-0.6828538404094412,-0.6838616324054052,-0.0010077919959640136
2020,I3312,-0.7267301919593182,-0.7279945408363871,-0.0012643488770689437
2020,I3401,-0.41426720097726866,-0.4151021420488873,-0.0008349410716186334
2020,I3402,-0.12251458345520388,-0.12275289355676913,-0.0002383101015652478
2020,I3403,-1.593641114256417,-1.6114101271929577,-0.01776901293654065
2020,I3404,-0.6072391969231525,-0.7908393630021135,-0.183600166078961
2020,I3405,-0.7915344576661074,-0.8089098929239527,-0.01737543525784524
2020,I3406,-1.1727294103107389,-1.1738707019336565,-0.0011412916229176506
2020,I3407,-1.3552666098101889,-1.356963991129644,-0.0016973813194551823
2020,I3408,-1.0002754462013619,-1.0009669996102524,-0.0006915534088904884
2020,I3409,-0.8427814255017275,-0.8454130900145267,-0.00263166451279917
2020,I3410,-0.3767680315168274,-0.3824606006875186,-0.005692569170691164
2021,I3101,1.0358059129359105,1.037936933888993,0.0021310209530824853
2021,I3102,0.4544360544451809,0.4550398095073074,0.0006037550621264542
2021,I3103,0.6390319546924363,0.6399436454002524,0.0009116907078160486
2021,I3104,0.6480453386365224,0.6491611766071199,0.0011158379705975552
2021,I3105,0.4682024493122278,0.46907546237592657,0.0008730130636987465
2021,I3106,1.1066473321766694,1.1085765278032755,0.001929195626606095
2021,I3107,0.8317582825471512,0.8339534980021209,0.002195215454969701
2021,I3108,1.7828310105476883,1.7841639723498934,0.0013329618022051015
2021,I3109,4.172304749164958,4.174193640897569,0.0018888917326105314
2021,I3201,9.138865824852484,9.14003238297813,0.0011665581256465885
2021,I3202,2.429211083140683,2.4310004746497746,0.0017893915090918533
2021,I3203,1.8291061652471459,1.8326547265735387,0.0035485613263928073
2021,I3204,2.9815648655502622,2.9860231498082586,0.0044582842579963256
2021,I3205,1.6910644280725722,1.6941216606008087,0.003057232528236531
2021,I3206,1.3393211918651817,1.3420713415108556,0.0027501496456738828
2021,I3207,2.102871534072823,2.1061401687230132,0.0032686346501904495
2021,I3208,1.3988892120479985,1.405201199717412,0.0063119876694135435
2021,I3209,1.4728397266224258,1.4768141008847508,0.003974374262325053
2021,I3301,27.440385770059986,27.44103274296701,0.0006469729070239794
2021,I3302,2.5498290218981503,2.565575995995644,0.015746974097493815
2021,I3303,2.3001062401994856,2.3036929989666874,0.0035867587672018253
2021,I3304,1.7106112283565489,1.7128626751778873,0.0022514468213383765
2021,I3305,3.2696669035373196,3.2722321014987283,0.0025651979614087494
2021,I3306,2.479446068098954,2.482322268132406,0.0028762000334521254
2021,I3307,4.666042042783227,4.670979208687372,0.004937165904145502
2021,I3308,5.965679729033531,5.967752102382111,0.0020723733485796814
2021,I3309,8.841991879529832,8.843528005567912,0.0015361260380792885
2021,I3310,4.558817462046636,4.563010817397463,0.004193355350826877
2021,I3311,2.6779237399510762,2.6813688687590185,0.0034451288079422326
2021,I3312,2.3804702487050537,2.3847924151413054,0.004322166436251607
2021,I3401,2.750488634243317,2.7533428735608423,0.0028542393175254865
2021,I3402,0.023940549058630235,0.02475521021828817,0.000814661159657934
2021,I3403,2.8370876182916307,2.897830845665463,0.0607432273738322
2021,I3404,1.345719770591097,1.9733554571560739,0.6276356865649768
2021,I3405,1.0967559695328841,1.1561537547872438,0.05939778525435968
2021,I3406,3.8111179221291174,3.8150194183348063,0.0039014962056889146
2021,I3407,4.044732212049515,4.050534696396618,0.005802484347102954
2021,I3408,2.5394548122950806,2.541818882044335,0.002364069749254405
2021,I3409,2.3567029452003525,2.3656992691066665,0.008996323906313997
2021,I3410,1.1635313173445674,1.1829913191303434,0.019460001785776004
2022,I3101,0.9732732278033303,0.974794158441624,0.001520930638293727
2022,I3102,0.5871701631100354,0.5876010690430272,0.0004309059329917764
2022,I3103,0.688333379248552,0.6889840618841025,0.0006506826355505702
2022,I3104,0.6127252487589172,0.6135216333061448,0.0007963845472276354
2022,I3105,0.47725887925724253,0.4778819572773293,0.0006230780200867647
2022,I3106,0.9244557486089275,0.9258326345243492,0.0013768859154216218
2022,I3107,0.7755975306510148,0.777164277537426,0.00156674688641123
2022,I3108,1.8569615417433014,1.857912889707157,0.0009513479638556532
2022,I3109,4.427336675962941,4.428684796592347,0.0013481206294061465
2022,I3201,8.729153108665697,8.729985692687023,0.0008325840213263547
2022,I3202,2.3079759654710377,2.3092530718111433,0.0012771063401055827
2022,I3203,1.8659843395125404,1.8685169826737293,0.002532643161188952
2022,I3204,1.598500375359074,1.6016822967345543,0.0031819213754802345
2022,I3205,1.4108800924731288,1.4130620694329785,0.002181976959849674
2022,I3206,1.2298964154894154,1.2318592243721471,0.0019628088827317036
2022,I3207,1.6717403552157666,1.6740732119517232,0.0023328567359566232
2022,I3208,1.0836761573442335,1.088181085097786,0.00450492775355249
2022,I3209,1.205295606953493,1.20813215700002,0.0028365500465270532
2022,I3301,26.067569085341276,26.068030836275728,0.0004617509344519988
2022,I3302,2.0763903642629353,2.087629134736146,0.011238770473210646
2022,I3303,2.1631149811509087,2.1656748862017317,0.0025599050508229304
2022,I3304,1.87221580266724,1.8738226824335367,0.0016068797662966983
2022,I3305,3.9015500725904255,3.9033808796348843,0.0018308070444588154
2022,I3306,2.26286145402643,2.2649142263121322,0.002052772285702442
2022,I3307,4.611813515525948,4.615337219447815,0.003523703921866961
2022,I3308,2.9926390466563455,2.994118119921805,0.0014790732654597072
2022,I3309,4.610272875876881,4.611369224156432,0.0010963482795505186
2022,I3310,2.595228182486917,2.598221021492606,0.0029928390056892518
2022,I3311,2.165617800735748,2.168076623090023,0.002458822354274748
2022,I3312,2.4896354390446547,2.4927202117904086,0.0030847727457539165
2022,I3401,2.546554451038208,2.5485915497447067,0.002037098706498597
2022,I3402,0.5432623956559816,0.5438438273475655,0.0005814316915839779
2022,I3403,2.9228030479223976,2.96615608743525,0.0433530395128523
2022,I3404,1.151586573323606,1.5995363431287206,0.4479497698051147
2022,I3405,1.018252895608038,1.060645679831708,0.04239278422367021
2022,I3406,3.0664766867553936,3.069261223015272,0.0027845362598784007
2022,I3407,3.540983611049553,3.545124901264913,0.004141290215359916
2022,I3408,2.238203802264737,2.239891062123681,0.0016872598589441345
2022,I3409,1.6462706344885547,1.6526913994469354,0.006420764958380731
2022,I3410,1.0360749707619725,1.049963765658346,0.013888794896373513
2023,I3101,-0.3633377068095008,-0.36505552098942384,-0.0017178141799230606
2023,I3102,-0.28411376215237516,-0.2846004485950499,-0.00048668644267474415
2023,I3103,-0.24448759239166634,-0.2452225054967323,-0.0007349131050659596
2023,I3104,-0.20223191768221574,-0.20313139372238145,-0.0008994760401657143
2023,I3105,-0.13243937674471767,-0.1331431118337183,-0.0007037350890006233
2023,I3106,-0.3431002414696045,-0.34465536442531075,-0.0015551229557062562
2023,I3107,-0.25907859776329967,-0.26084815907665904,-0.001769561313359369
2023,I3108,-0.40112147337819937,-0.40219597275457164,-0.0010744993763722732
2023,I3109,-1.3800806027011019,-1.3816032367220972,-0.0015226340209952838
2023,I3201,-2.871438540472199,-2.872378901986262,-0.0009403615140630706
2023,I3202,-1.1671912306226342,-1.1686336575979792,-0.0014424269753450236
2023,I3203,-0.520132558489283,-0.5229930507598943,-0.002860492270611359
2023,I3204,-0.5115935193853345,-0.5151873385382788,-0.003593819152944322
2023,I3205,-0.49811304898466535,-0.5005774815284794,-0.0024644325438140102
2023,I3206,-0.3502813307996955,-0.35249822409275067,-0.002216893293055189
2023,I3207,-0.6817586234909194,-0.6843934671056493,-0.002634843614729876
2023,I3208,-0.4400068035496104,-0.4450948914477295,-0.005088087898119098
2023,I3209,-0.5219703656765879,-0.5251741053931156,-0.0032037397165276538
2023,I3301,-8.586716313015962,-8.58723783732669,-0.0005215243107272727
2023,I3302,-1.1706047821865435,-1.183298404629076,-0.01269362244253247
2023,I3303,-0.7567124295960894,-0.7596037127912871,-0.0028912831951977136
2023,I3304,-0.6203818041330574,-0.6221966935030765,-0.0018148893700190571
2023,I3305,-1.2447680833326888,-1.2468358872301786,-0.0020678038974897284
2023,I3306,-0.7985106090626473,-0.8008291114662075,-0.002318502403560241
2023,I3307,-1.529871894495652,-1.5338517397367357,-0.003979845241083746
2023,I3308,-1.920301740814724,-1.9219722792104799,-0.0016705383957558162
2023,I3309,-1.9962296791513356,-1.9974679490456537,-0.001238269894318078
2023,I3310,-1.397037465409945,-1.4004177255958838,-0.0033802601859389547
2023,I3311,-0.8504809910541211,-0.853258106459478,-0.002777115405356856
2023,I3312,-0.5827054933553789,-0.5861895880478507,-0.0034840946924717953
2023,I3401,-1.4165216307889201,-1.4188224306780275,-0.0023007998891073633
2023,I3402,0.4102631823797114,0.40960648471098665,-0.0006566976687247261
2023,I3403,-1.6768947977630706,-1.7258598617461902,-0.04896506398311962
2023,I3404,-0.8744556858586938,-1.3803922796061452,-0.5059365937474514
2023,I3405,-0.3943860990078498,-0.44226660324145084,-0.04788050423360102
2023,I3406,-2.3617672307553805,-2.3649122235323654,-0.0031449927769848784
2023,I3407,-2.457049381249043,-2.461726758951884,-0.004677377702841046
2023,I3408,-1.4426986131298014,-1.4446042877463379,-0.0019056746165364569
2023,I3409,-1.181116090682228,-1.1883680197405,-0.007251929058271989
2023,I3410,-0.5787374526270209,-0.5944241435347657,-0.01568669090774477
2024,I3101,0.02609993139798227,0.026240445148235276,0.00014051375025300739
2024,I3102,-0.04578048949699164,-0.045740679523330455,3.980997366118816e-05
2024,I3103,0.011359415160882218,0.011419529577045392,6.011441616317337e-05
2024,I3104,0.028984669404271225,0.029058244738055038,7.357533378381242e-05
2024,I3105,0.036013144416974036,0.03607070853403385,5.756411705981623e-05
2024,I3106,0.046039822623974734,0.04616702855879862,0.00012720593482388326
2024,I3107,0.03369942776095353,0.033844174322804545,0.0001447465618510113
2024,I3108,0.10523646777147326,0.10532435966268199,8.789189120872454e-05
2024,I3109,0.4897003174052348,0.4898248658104426,0.00012454840520781385
2024,I3201,0.20948786193210114,0.20956478161554473,7.691968344358813e-05
2024,I3202,-0.047115943955999495,-0.04699795632605637,0.0001179876299431254
2024,I3203,0.33535926541355493,0.33559324793693324,0.0002339825233783066
2024,I3204,0.5563517561073928,0.5566457232971002,0.0002939671897073115
2024,I3205,0.05629476230575181,0.05649634793883372,0.00020158563308191046
2024,I3206,0.001404379361148699,0.001585716780619696,0.00018133741947099716
2024,I3207,0.16664621698103632,0.1668617418975046,0.00021552491646828487
2024,I3208,0.004659852712295099,0.005076048084610459,0.00041619537231536025
2024,I3209,0.13123102261615985,0.13149308209131447,0.000262059475154619
2024,I3301,0.6805222159533559,0.6805648755946633,4.265964130734101e-05
2024,I3302,1.433093210682554,1.434131523507388,0.001038312824833909
2024,I3303,0.07282824424093093,0.07306474540010692,0.0002365011591759919
2024,I3304,-0.06225566750523989,-0.06210721319938061,0.0001484543058592816
2024,I3305,-0.2629232796148688,-0.2627541374085581,0.00016914220631070176
2024,I3306,0.04131872930018675,0.04150837814084859,0.00018964884066183935
2024,I3307,0.045761654629679044,0.04608719797818973,0.00032554334851068317
2024,I3308,-0.7491779880027729,-0.7490413413167268,0.00013664668604607133
2024,I3309,2.0966486926440644,2.096749980634762,0.00010128799069741845
2024,I3310,0.019978828430335275,0.02025532692540444,0.00027649849506916624
2024,I3311,0.1369723416384019,0.1371995041016374,0.00022716246323548073
2024,I3312,-0.2423110804046026,-0.24202608845541643,0.0002849919491861863
2024,I3401,-0.43384330482121747,-0.43365510401068824,0.00018820081052922655
2024,I3402,0.2970217521316025,0.2970754686821429,5.371655054042801e-05
2024,I3403,0.017355589933860664,0.021360833837456218,0.004005243903595555
2024,I3404,0.05489251909461782,0.09627711645594166,0.041384597361323834
2024,I3405,0.057573995417658466,0.061490524511724855,0.0039165290940663885
2024,I3406,1.0045715294733693,1.0048287835668432,0.00025725409347399086
2024,I3407,0.6475708184588712,0.6479534185619892,0.0003826001031179693
2024,I3408,0.3457669318208595,0.3459228121775716,0.00015588035671210143
2024,I3409,0.21650926463386524,0.21710245786771798,0.0005931932338527346
2024,I3410,-0.006056736217583524,-0.004773596402888464,0.0012831398146950605
2025,I3101,-0.1307882283481284,-0.13081317593731362,-2.494758918522577e-05
2025,I3102,0.3035634755163572,0.30355640743322243,-7.068083134775804e-06
2025,I3103,0.08449135052887209,0.08448067748259834,-1.067304627375143e-05
2025,I3104,-0.024612134001808887,-0.024625196973924422,-1.3062972115535088e-05
2025,I3105,0.01019824315777312,0.010188022905722113,-1.0220252051006823e-05
2025,I3106,-0.04467105880189384,-0.04469364364784803,-2.258484595418775e-05
2025,I3107,-0.0032796361159656683,-0.003305335221957289,-2.569910599162055e-05
2025,I3108,0.1413403562801055,0.14132475146712,-1.5604812985486882e-05
2025,I3109,0.04509237281131673,0.04507025979788426,-2.2113013432467632e-05
2025,I3201,-1.733957565631637,-1.7339712223781074,-1.3656746470358527e-05
2025,I3202,0.25302851965195966,0.2530075714748919,-2.094817706776997e-05
2025,I3203,0.43520785585061994,0.43516631329795685,-4.1542552663087484e-05
2025,I3204,0.5094644443397859,0.5094122517773529,-5.2192562432940015e-05
2025,I3205,-0.0430922082241529,-0.043127998853544805,-3.579062939190747e-05
2025,I3206,-0.06287449986471552,-0.06290669551415713,-3.219564944161035e-05
2025,I3207,0.07611752908543751,0.07607926359849725,-3.826548694026155e-05
2025,I3208,-0.11860091518560328,-0.11867480881630221,-7.389363069892907e-05
2025,I3209,0.04574712477384337,0.045700597283711744,-4.6527490131627325e-05
2025,I3301,-5.4342530154548925,-5.434260589483799,-7.574028906276453e-06
2025,I3302,-0.05901250476540705,-0.05919685257302784,-0.00018434780762079106
2025,I3303,-0.3500219178964209,-0.3500639076216281,-4.198972520719213e-05
2025,I3304,0.012868428883608642,0.01284207148421756,-2.635739939108213e-05
2025,I3305,0.3864963425225021,0.38646631207872467,-3.0030443777417926e-05
2025,I3306,-0.3375810898172597,-0.3376147611224364,-3.3671305176674604e-05
2025,I3307,-0.6263925417486417,-0.6264503405171323,-5.779876849065779e-05
2025,I3308,-0.6430868998025022,-0.643111160811698,-2.426100919572516e-05
2025,I3309,2.874535386397783,2.8745174031671255,-1.79832306574923e-05
2025,I3310,0.008134304464821655,0.00808521339115164,-4.909107367001564e-05
2025,I3311,0.12536605757341154,0.12532572589198604,-4.033168142550392e-05
2025,I3312,-0.279993066516064,-0.2800436655646026,-5.059904853860209e-05
2025,I3401,0.02453489681942137,0.024501482605531574,-3.3414213889797206e-05
2025,I3402,0.5475546510029274,0.5475451138691386,-9.537133788817265e-06
2025,I3403,-0.3565392552057092,-0.35725036838369806,-0.0007111131779888313
2025,I3404,-0.09372976978378467,-0.10107742032835713,-0.007347650544572468
2025,I3405,-0.15619112081525433,-0.15688648307478292,-0.000695362259528598
2025,I3406,0.6730276744332893,0.6729820001172266,-4.567431606261607e-05
2025,I3407,-0.5094494696317738,-0.5095173985723767,-6.792894060281274e-05
2025,I3408,-0.34515742609195404,-0.3451851019535285,-2.7675861574427696e-05
2025,I3409,0.008509301002927743,0.00840398219192905,-0.00010531881099869363
2025,I3410,0.17674509283916878,0.1765172770922644,-0.00022781574690439177
