업종코드,업종,연도,자산총계,단기차입,단기사채,차입의존도,ICR,사전노출도(%),Post,사전현금여력(%),Post×사전현금여력,Post×사전노출도,shock_baseline_1111only,shock_extended_1111_1119,diff_1119_effect
I3101,의약,2018,52034,3057,0,18.6,700.1,6.239719342088662,0,207.2504989851384,0.0,0,0.47473272839513636,0.47485601169857766,0.00012328330344130167
I3101,의약,2019,54757,3510,0,22.1,549.9,6.239719342088662,0,207.2504989851384,0.0,0,-0.05677129500259796,-0.05733899113227464,-0.0005676961296766786
I3101,의약,2020,64703,4163,0,22.3,1277.2,6.239719342088662,0,207.2504989851384,0.0,0,-0.7233241953080083,-0.7239475757327974,-0.000623380424789155
I3101,의약,2021,73831,4413,0,21.1,1305,6.239719342088662,0,207.2504989851384,0.0,0,1.0358059129359105,1.037936933888993,0.0021310209530824853
I3101,의약,2022,84453,4813,0,17.5,1053.3,6.239719342088662,1,207.2504989851384,207.2504989851384,6.239719342088662,0.9732732278033303,0.974794158441624,0.001520930638293727
I3101,의약,2023,99499,6493,0,14,600.5,6.239719342088662,1,207.2504989851384,207.2504989851384,6.239719342088662,-0.3633377068095008,-0.36505552098942384,-0.0017178141799230606
I3102,반도체,2018,80340,1226,0,12.6,7729.6,2.1154682365550816,0,154.9120030622172,0.0,0,0.1409528209027253,0.14098774919304582,3.4928290320535016e-05
I3102,반도체,2019,81899,2395,0,18.1,813.6,2.1154682365550816,0,154.9120030622172,0.0,0,0.25904876086145406,0.25888792273757444,-0.00016083812387962526
I3102,반도체,2020,91242,1730,0,18.5,1595.2,2.1154682365550816,0,154.9120030622172,0.0,0,0.1436210532007933,0.14344443875382945,-0.00017661444696384643
I3102,반도체,2021,117164,1850,20,25.1,3456.3,2.1154682365550816,0,154.9120030622172,0.0,0,0.4544360544451809,0.4550398095073074,0.0006037550621264542
I3102,반도체,2022,128900,4280,0,29.3,1692.8,2.1154682365550816,1,154.9120030622172,154.9120030622172,2.1154682365550816,0.5871701631100354,0.5876010690430272,0.0004309059329917764
I3102,반도체,2023,132298,4937,0,38.8,-220.7,2.1154682365550816,1,154.9120030622172,154.9120030622172,2.1154682365550816,-0.28411376215237516,-0.2846004485950499,-0.00048668644267474415
I3103,디스플레이,2018,78125,2182,0,13.5,478.3,3.001237149391339,0,181.77164955062938,0.0,0,0.21141568795387672,0.21146843086192452,5.274290804779813e-05
I3103,디스플레이,2019,78156,2343,0,17.9,-698.9,3.001237149391339,0,181.77164955062938,0.0,0,0.07331745528776495,0.0730745842425316,-0.00024287104523335046
I3103,디스플레이,2020,80986,2602,0,15.9,122.9,3.001237149391339,0,181.77164955062938,0.0,0,-0.21722937006870177,-0.21749606389913667,-0.0002666938304348998
I3103,디스플레이,2021,89069,2787,0,13.8,1480.1,3.001237149391339,0,181.77164955062938,0.0,0,0.6390319546924363,0.6399436454002524,0.0009116907078160486
I3103,디스플레이,2022,91471,3623,0,15,485.8,3.001237149391339,1,181.77164955062938,181.77164955062938,3.001237149391339,0.688333379248552,0.6889840618841025,0.0006506826355505702
I3103,디스플레이,2023,99967,2891,0,13.5,-17.8,3.001237149391339,1,181.77164955062938,181.77164955062938,3.001237149391339,-0.24448759239166634,-0.2452225054967323,-0.0007349131050659596
I3104,컴퓨터,2018,1631,165,0,29.8,633.9,9.753463714875403,0,179.93983906465925,0.0,0,0.24870548887544558,0.24877004206105435,6.455318560877332e-05
I3104,컴퓨터,2019,2615,195,0,34.7,-930,9.753463714875403,0,179.93983906465925,0.0,0,-0.00848746706947199,-0.008784722193283946,-0.00029725512381195696
I3104,컴퓨터,2020,2798,327,0,31.6,387.6,9.753463714875403,0,179.93983906465925,0.0,0,-0.37013373136719824,-0.37046014371293357,-0.0003264123457353274
I3104,컴퓨터,2021,3434,340,1,28.5,96.8,9.753463714875403,0,179.93983906465925,0.0,0,0.6480453386365224,0.6491611766071199,0.0011158379705975552
I3104,컴퓨터,2022,3731,764,0,48.6,151.1,9.753463714875403,1,179.93983906465925,179.93983906465925,9.753463714875403,0.6127252487589172,0.6135216333061448,0.0007963845472276354
I3104,컴퓨터,2023,3829,304,0,21.3,178.7,9.753463714875403,1,179.93983906465925,179.93983906465925,9.753463714875403,-0.20223191768221574,-0.20313139372238145,-0.0008994760401657143
I3105,통신기기,2018,259692,11874,0,10.4,5772.6,4.804028469229149,0,160.34004419435985,0.0,0,0.16199168030251235,0.16204218564094391,5.050533843156679e-05
I3105,통신기기,2019,257766,11922,3,10.4,1933.3,4.804028469229149,0,160.34004419435985,0.0,0,-0.00046508574447049096,-0.0006976532078274422,-0.00023256746335695126
I3105,통신기기,2020,274060,14287,1,11.1,4643.6,4.804028469229149,0,160.34004419435985,0.0,0,-0.247870822108794,-0.24812620169748728,-0.0002553795886932886
I3105,통신기기,2021,298080,10976,0,9,7235.4,4.804028469229149,0,160.34004419435985,0.0,0,0.4682024493122278,0.46907546237592657,0.0008730130636987465
I3105,통신기기,2022,307366,4478,1,5.5,3807.6,4.804028469229149,1,160.34004419435985,160.34004419435985,4.804028469229149,0.47725887925724253,0.4778819572773293,0.0006230780200867647
I3105,통신기기,2023,347433,8300,4,16.1,-963,4.804028469229149,1,160.34004419435985,160.34004419435985,4.804028469229149,-0.13243937674471767,-0.1331431118337183,-0.0007037350890006233
I3106,가전,2018,13119,1445,0,33.6,293.5,10.294218797831379,0,144.98043555451946,0.0,0,0.3916041694511286,0.39171577680510067,0.00011160735397208743
I3106,가전,2019,14908,1482,2,28.9,502.6,10.294218797831379,0,144.98043555451946,0.0,0,-0.05301696859766773,-0.05353089920404176,-0.0005139306063740301
I3106,가전,2020,15645,1551,0,31.8,667.4,10.294218797831379,0,144.98043555451946,0.0,0,-0.5462529684132794,-0.5468173095510217,-0.0005643411377422858
I3106,가전,2021,17033,1610,0,31,439.6,10.294218797831379,0,144.98043555451946,0.0,0,1.1066473321766694,1.1085765278032755,0.001929195626606095
I3106,가전,2022,17693,1926,35,34,331.1,10.294218797831379,1,144.98043555451946,144.98043555451946,10.294218797831379,0.9244557486089275,0.9258326345243492,0.0013768859154216218
I3106,가전,2023,17886,1913,20,31,117.6,10.294218797831379,1,144.98043555451946,144.98043555451946,10.294218797831379,-0.3431002414696045,-0.34465536442531075,-0.0015551229557062562
I3107,정밀기기,2018,20546,1913,2,30.1,667.3,9.470691865242342,0,175.2468996214107,0.0,0,0.2903719360600334,0.29049893312811137,0.00012699706807794975
I3107,정밀기기,2019,22860,2155,0,29.8,619.5,9.470691865242342,0,175.2468996214107,0.0,0,0.003166625955147986,0.002581828646707629,-0.0005847973084403572
I3107,정밀기기,2020,25878,2501,0,30.4,1064.7,9.470691865242342,0,175.2468996214107,0.0,0,-0.39317619357052946,-0.39381835259803366,-0.0006421590275041966
I3107,정밀기기,2021,31594,2656,0,27.7,1252.3,9.470691865242342,0,175.2468996214107,0.0,0,0.8317582825471512,0.8339534980021209,0.002195215454969701
I3107,정밀기기,2022,34083,3120,0,26.2,1071.6,9.470691865242342,1,175.2468996214107,175.2468996214107,9.470691865242342,0.7755975306510148,0.777164277537426,0.00156674688641123
I3107,정밀기기,2023,36562,3659,0,26.4,430.9,9.470691865242342,1,175.2468996214107,175.2468996214107,9.470691865242342,-0.25907859776329967,-0.26084815907665904,-0.001769561313359369
I3108,전지,2018,21504,1825,0,20.6,1697.9,6.443914869940472,0,149.67283031482793,0.0,0,0.08548835793490364,0.08556547211536217,7.711418045852625e-05
I3108,전지,2019,23456,1588,0,22.8,908.3,6.443914869940472,0,149.67283031482793,0.0,0,-0.17503016500943414,-0.17538526112194486,-0.00035509611251072215
I3108,전지,2020,37793,1540,0,22.9,245.4,6.443914869940472,0,149.67283031482793,0.0,0,-0.7880778125442517,-0.7884677393975209,-0.00038992685326921794
I3108,전지,2021,54211,2782,0,23.5,372.5,6.443914869940472,0,149.67283031482793,0.0,0,1.7828310105476883,1.7841639723498934,0.0013329618022051015
I3108,전지,2022,75863,5590,0,22,263.9,6.443914869940472,1,149.67283031482793,149.67283031482793,6.443914869940472,1.8569615417433014,1.857912889707157,0.0009513479638556532
I3108,전지,2023,87271,6705,16,33.3,-113.6,6.443914869940472,1,149.67283031482793,149.67283031482793,6.443914869940472,-0.40112147337819937,-0.40219597275457164,-0.0010744993763722732
I3109,항공,2018,9648,550,0,50.6,111.8,5.884001558340355,0,124.63538327792516,0.0,0,1.597178551770902,1.5972878274738473,0.00010927570294527733
I3109,항공,2019,10915,662,0,64.3,313.5,5.884001558340355,0,124.63538327792516,0.0,0,-0.07230560538479666,-0.072808799182319,-0.0005031937975223388
I3109,항공,2020,11943,703,0,71.5,118.9,5.884001558340355,0,124.63538327792516,0.0,0,-2.456065867731072,-2.45661841890564,-0.0005525511745680944
I3109,항공,2021,13273,635,0,85.9,-22.2,5.884001558340355,0,124.63538327792516,0.0,0,4.172304749164958,4.174193640897569,0.0018888917326105314
I3109,항공,2022,18878,750,0,60.8,229.1,5.884001558340355,1,124.63538327792516,124.63538327792516,5.884001558340355,4.427336675962941,4.428684796592347,0.0013481206294061465
I3109,항공,2023,23934,1299,0,55,367.9,5.884001558340355,1,124.63538327792516,124.63538327792516,5.884001558340355,-1.3800806027011019,-1.3816032367220972,-0.0015226340209952838
I3201,석유화학,2018,128508,5018,0,22.7,1675.6,3.7901722267370643,0,149.2159751156218,0.0,0,4.574116972286906,4.574184459722531,6.74874356247912e-05
I3201,석유화학,2019,134344,4750,0,27.9,924.8,3.7901722267370643,0,149.2159751156218,0.0,0,-0.5358606136307994,-0.5361713804170267,-0.00031076678622732334
I3201,석유화학,2020,138804,5455,0,27.9,847.4,3.7901722267370643,0,149.2159751156218,0.0,0,-7.5677528169869746,-7.568094066329856,-0.0003412493428811558
I3201,석유화학,2021,162144,7536,0,28.6,2054.2,3.7901722267370643,0,149.2159751156218,0.0,0,9.138865824852484,9.14003238297813,0.0011665581256465885
I3201,석유화학,2022,175218,10456,0,33.4,720.7,3.7901722267370643,1,149.2159751156218,149.2159751156218,3.7901722267370643,8.729153108665697,8.729985692687023,0.0008325840213263547
I3201,석유화학,2023,183059,11301,0,34.2,175.8,3.7901722267370643,1,149.2159751156218,149.2159751156218,3.7901722267370643,-2.871438540472199,-2.872378901986262,-0.0009403615140630706
I3202,정밀화학,2018,71222,5952,0,29.2,860.6,8.414189319158956,0,138.6026884293397,0.0,0,1.051115111114416,1.0512186305547442,0.00010351944032827021
I3202,정밀화학,2019,76991,6534,3,28,664.5,8.414189319158956,0,138.6026884293397,0.0,0,0.25901887351639175,0.2585421862117839,-0.0004766873046078701
I3202,정밀화학,2020,79869,6705,0,25.9,968,8.414189319158956,0,138.6026884293397,0.0,0,-1.077266457926593,-1.0777899026339,-0.0005234447073070303
I3202,정밀화학,2021,85989,6803,0,26.1,1396.7,8.414189319158956,0,138.6026884293397,0.0,0,2.429211083140683,2.4310004746497746,0.0017893915090918533
I3202,정밀화학,2022,91457,7545,20,27.6,962.8,8.414189319158956,1,138.6026884293397,138.6026884293397,8.414189319158956,2.3079759654710377,2.3092530718111433,0.0012771063401055827
I3202,정밀화학,2023,96232,8611,0,27.1,485.6,8.414189319158956,1,138.6026884293397,138.6026884293397,8.414189319158956,-1.1671912306226342,-1.1686336575979792,-0.0014424269753450236
I3203,기타 전자부품,2018,43550,4036,5,32.1,551.8,9.248770426360869,0,144.91280852117515,0.0,0,0.44812177591714153,0.44832706641986936,0.00020529050272782845
I3203,기타 전자부품,2019,45998,4204,53,27.8,610.5,9.248770426360869,0,144.91280852117515,0.0,0,0.017771795874634906,0.016826472212753806,-0.0009453236618810999
I3203,기타 전자부품,2020,49541,4525,39,27.5,857.3,9.248770426360869,0,144.91280852117515,0.0,0,-0.6658833510976984,-0.6669213998619947,-0.001038048764296362
I3203,기타 전자부품,2021,59436,4111,23,22.1,1674.1,9.248770426360869,0,144.91280852117515,0.0,0,1.8291061652471459,1.8326547265735387,0.0035485613263928073
I3203,기타 전자부품,2022,66047,5072,191,24,1303.7,9.248770426360869,1,144.91280852117515,144.91280852117515,9.248770426360869,1.8659843395125404,1.8685169826737293,0.002532643161188952
I3203,기타 전자부품,2023,70453,5518,18,24.4,381.2,9.248770426360869,1,144.91280852117515,144.91280852117515,9.248770426360869,-0.520132558489283,-0.5229930507598943,-0.002860492270611359
I3204,전기기기,2018,33502,3842,1,48.1,340.8,10.088566387984814,0,144.77744281438706,0.0,0,0.5663387844094921,0.5665967039809592,0.0002579195714670357
I3204,전기기기,2019,36576,3549,5,45.7,341.1,10.088566387984814,0,144.77744281438706,0.0,0,-0.12307481445619735,-0.12426248495497959,-0.0011876704987822395
I3204,전기기기,2020,37993,3449,0,39.6,444.4,10.088566387984814,0,144.77744281438706,0.0,0,-0.5102128924953702,-0.5115170594631142,-0.001304166967744047
I3204,전기기기,2021,41642,3932,0,40.1,504.7,10.088566387984814,0,144.77744281438706,0.0,0,2.9815648655502622,2.9860231498082586,0.0044582842579963256
I3204,전기기기,2022,45834,5086,1,42,429.3,10.088566387984814,1,144.77744281438706,144.77744281438706,10.088566387984814,1.598500375359074,1.6016822967345543,0.0031819213754802345
I3204,전기기기,2023,48942,5255,0,40.8,386.1,10.088566387984814,1,144.77744281438706,144.77744281438706,10.088566387984814,-0.5115935193853345,-0.5151873385382788,-0.003593819152944322
I3205,일반목적기계,2018,49880,5113,0,47.9,285.7,12.841922234716389,0,113.81855008504755,0.0,0,0.538768139184463,0.5389450054536209,0.00017686626915791592
I3205,일반목적기계,2019,53606,6708,0,53.2,297.7,12.841922234716389,0,113.81855008504755,0.0,0,-0.07952982941905912,-0.08034426489952251,-0.0008144354804633935
I3205,일반목적기계,2020,54271,8554,0,59.1,219.6,12.841922234716389,0,113.81855008504755,0.0,0,-0.5915653820681037,-0.5924597040640345,-0.000894321995930758
I3205,일반목적기계,2021,62277,8453,0,52.5,313.8,12.841922234716389,0,113.81855008504755,0.0,0,1.6910644280725722,1.6941216606008087,0.003057232528236531
I3205,일반목적기계,2022,64771,7119,0,46.6,339,12.841922234716389,1,113.81855008504755,113.81855008504755,12.841922234716389,1.4108800924731288,1.4130620694329785,0.002181976959849674
I3205,일반목적기계,2023,71876,7766,0,41.3,353.4,12.841922234716389,1,113.81855008504755,113.81855008504755,12.841922234716389,-0.49811304898466535,-0.5005774815284794,-0.0024644325438140102
I3206,특수목적기계,2018,61996,6749,2,42.1,548.6,10.446773062794952,0,141.1927551459265,0.0,0,0.4194938974486372,0.419652998433912,0.0001591009852748293
I3206,특수목적기계,2019,66038,6756,13,37.6,463.8,10.446773062794952,0,141.1927551459265,0.0,0,0.018976765048194164,0.018244135316129673,-0.0007326297320644909
I3206,특수목적기계,2020,69789,7114,5,39,563.4,10.446773062794952,0,141.1927551459265,0.0,0,-0.46515128726834665,-0.4659557793367488,-0.0008044920684021628
I3206,특수목적기계,2021,79047,6596,3,34.6,794.4,10.446773062794952,0,141.1927551459265,0.0,0,1.3393211918651817,1.3420713415108556,0.0027501496456738828
I3206,특수목적기계,2022,86014,7366,0,32.3,832.8,10.446773062794952,1,141.1927551459265,141.1927551459265,10.446773062794952,1.2298964154894154,1.2318592243721471,0.0019628088827317036
I3206,특수목적기계,2023,93959,8583,1,30.1,438,10.446773062794952,1,141.1927551459265,141.1927551459265,10.446773062794952,-0.3502813307996955,-0.35249822409275067,-0.002216893293055189
I3207,자동차,2018,251229,18289,86,23,239,7.838064485469709,0,131.56881681782025,0.0,0,0.535027335625933,0.5352164318789919,0.00018909625305896238
I3207,자동차,2019,267160,20685,11,23.6,504.3,7.838064485469709,0,131.56881681782025,0.0,0,-0.2232533094183064,-0.22412406164509985,-0.0008707522267934475
I3207,자동차,2020,279518,23612,17,28.1,276.4,7.838064485469709,0,131.56881681782025,0.0,0,-0.692086592142297,-0.6930427548931929,-0.0009561627508959392
I3207,자동차,2021,290586,23290,84,27.3,495.9,7.838064485469709,0,131.56881681782025,0.0,0,2.102871534072823,2.1061401687230132,0.0032686346501904495
I3207,자동차,2022,306695,21593,127,22.6,608.3,7.838064485469709,1,131.56881681782025,131.56881681782025,7.838064485469709,1.6717403552157666,1.6740732119517232,0.0023328567359566232
I3207,자동차,2023,325397,18119,115,17.5,921.5,7.838064485469709,1,131.56881681782025,131.56881681782025,7.838064485469709,-0.6817586234909194,-0.6843934671056493,-0.002634843614729876
I3208,철도,2018,4438,236,0,87,-469.8,8.933490920835629,0,125.92252554453214,0.0,0,0.47879927269872563,0.47916443226697886,0.00036515956825322604
I3208,철도,2019,4705,510,0,119.9,-639.7,8.933490920835629,0,125.92252554453214,0.0,0,-0.09012065400178003,-0.09180214425897791,-0.0016814902571978818
I3208,철도,2020,5177,551,0,68.4,141,8.933490920835629,0,125.92252554453214,0.0,0,-0.621430428969416,-0.6232768535899395,-0.0018464246205234236
I3208,철도,2021,5487,514,0,83.1,523.8,8.933490920835629,0,125.92252554453214,0.0,0,1.3988892120479985,1.405201199717412,0.0063119876694135435
I3208,철도,2022,6266,363,0,60.3,320.2,8.933490920835629,1,125.92252554453214,125.92252554453214,8.933490920835629,1.0836761573442335,1.088181085097786,0.00450492775355249
I3208,철도,2023,6970,225,0,38.3,564.6,8.933490920835629,1,125.92252554453214,125.92252554453214,8.933490920835629,-0.4400068035496104,-0.4450948914477295,-0.005088087898119098
I3209,기타 수송장비,2018,826,89,0,37,62.9,12.137604396289335,0,86.20494634945567,0.0,0,0.4294932413367812,0.42972316586542686,0.00022992452864567525
I3209,기타 수송장비,2019,846,147,0,42.4,143.6,12.137604396289335,0,86.20494634945567,0.0,0,-0.10045530637787158,-0.1015140650368818,-0.0010587586590102283
I3209,기타 수송장비,2020,1053,87,0,29.6,407.9,12.137604396289335,0,86.20494634945567,0.0,0,-0.5568226698089985,-0.5579852802058298,-0.0011626103968312984
I3209,기타 수송장비,2021,1527,98,0,20,433.3,12.137604396289335,0,86.20494634945567,0.0,0,1.4728397266224258,1.4768141008847508,0.003974374262325053
I3209,기타 수송장비,2022,1696,106,0,17,285.4,12.137604396289335,1,86.20494634945567,86.20494634945567,12.137604396289335,1.205295606953493,1.20813215700002,0.0028365500465270532
I3209,기타 수송장비,2023,1723,125,0,20.8,-3,12.137604396289335,1,86.20494634945567,86.20494634945567,12.137604396289335,-0.5219703656765879,-0.5251741053931156,-0.0032037397165276538
I3301,석유정제,2018,87760,4372,0,37.5,1146.6,4.748942248999975,0,123.78083813726413,0.0,0,13.966241509910226,13.96627893842875,3.7428518524507126e-05
I3301,석유정제,2019,92330,4809,0,44.8,501.9,4.748942248999975,0,123.78083813726413,0.0,0,-1.856024211824786,-1.8561965630232988,-0.0001723511985127768
I3301,석유정제,2020,89805,3643,0,51,-503.5,4.748942248999975,0,123.78083813726413,0.0,0,-23.25881072717628,-23.258999983994716,-0.00018925681843739994
I3301,석유정제,2021,105075,4831,0,48.9,1233,4.748942248999975,0,123.78083813726413,0.0,0,27.440385770059986,27.44103274296701,0.0006469729070239794
I3301,석유정제,2022,115749,6569,0,42.7,1473.5,4.748942248999975,1,123.78083813726413,123.78083813726413,4.748942248999975,26.067569085341276,26.068030836275728,0.0004617509344519988
I3301,석유정제,2023,119256,4183,0,39.1,443.3,4.748942248999975,1,123.78083813726413,123.78083813726413,4.748942248999975,-8.586716313015962,-8.58723783732669,-0.0005215243107272727
I3302,고무,2018,17127,1583,0,34,321.1,8.185355249728785,0,155.028155888814,0.0,0,-0.02733255927047351,-0.026421569172916715,0.0009109900975567964
I3302,고무,2019,17197,1263,12,28.2,423.3,8.185355249728785,0,155.028155888814,0.0,0,-0.14551129232943855,-0.14970622820575402,-0.004194935876315475
I3302,고무,2020,17432,1364,13,34.4,249.4,8.185355249728785,0,155.028155888814,0.0,0,-1.6790869916101643,-1.6836934012223455,-0.004606409612181173
I3302,고무,2021,17783,1702,0,37.9,-134.2,8.185355249728785,0,155.028155888814,0.0,0,2.5498290218981503,2.565575995995644,0.015746974097493815
I3302,고무,2022,18746,2317,0,30.2,85.9,8.185355249728785,1,155.028155888814,155.028155888814,8.185355249728785,2.0763903642629353,2.087629134736146,0.011238770473210646
I3302,고무,2023,19336,1977,0,28.4,284.7,8.185355249728785,1,155.028155888814,155.028155888814,8.185355249728785,-1.1706047821865435,-1.183298404629076,-0.01269362244253247
I3303,플라스틱,2018,32495,3833,0,49.3,432.3,14.02545096972693,0,116.34158100860373,0.0,0,1.0994331895163136,1.0996406898080533,0.00020750029173965956
I3303,플라스틱,2019,34078,3744,0,48.6,424.5,14.02545096972693,0,116.34158100860373,0.0,0,-0.13976990851278354,-0.1407254078321491,-0.0009554993193655603
I3303,플라스틱,2020,49896,9627,0,101.2,410.6,14.02545096972693,0,116.34158100860373,0.0,0,-1.7639130066899398,-1.7649622292237117,-0.0010492225337719319
I3303,플라스틱,2021,38105,4237,16,44.4,645.1,14.02545096972693,0,116.34158100860373,0.0,0,2.3001062401994856,2.3036929989666874,0.0035867587672018253
I3303,플라스틱,2022,40854,4992,1,45.4,401.3,14.02545096972693,1,116.34158100860373,116.34158100860373,14.02545096972693,2.1631149811509087,2.1656748862017317,0.0025599050508229304
I3303,플라스틱,2023,42883,5815,0,42.5,258.6,14.02545096972693,1,116.34158100860373,116.34158100860373,14.02545096972693,-0.7567124295960894,-0.7596037127912871,-0.0028912831951977136
I3304,유리,2018,11486,514,0,29.8,343.1,4.551524845049385,0,159.0872730831293,0.0,0,0.5401892334889313,0.5403194836402757,0.0001302501513443799
I3304,유리,2019,11746,507,0,29,1434.2,4.551524845049385,0,159.0872730831293,0.0,0,0.3406588732581872,0.3400590961209434,-0.0005997771372437954
I3304,유리,2020,12975,631,0,34.3,1208.6,4.551524845049385,0,159.0872730831293,0.0,0,-0.6494958897068734,-0.6501544979077198,-0.0006586082008464
I3304,유리,2021,12362,663,50,39.5,1860,4.551524845049385,0,159.0872730831293,0.0,0,1.7106112283565489,1.7128626751778873,0.0022514468213383765
I3304,유리,2022,12916,840,80,43.8,804.3,4.551524845049385,1,159.0872730831293,159.0872730831293,4.551524845049385,1.87221580266724,1.8738226824335367,0.0016068797662966983
I3304,유리,2023,12490,2253,0,45.7,458.3,4.551524845049385,1,159.0872730831293,159.0872730831293,4.551524845049385,-0.6203818041330574,-0.6221966935030765,-0.0018148893700190571
I3305,세라믹,2018,2771,369,0,33.2,599.9,14.071846742502817,0,144.92102764274188,0.0,0,0.6499889249283988,0.6501373261340302,0.000148401205631421
I3305,세라믹,2019,2895,376,0,34.2,286.6,14.071846742502817,0,144.92102764274188,0.0,0,1.209065334575655,1.208381975290783,-0.0006833592848720649
I3305,세라믹,2020,3331,530,0,37.9,237.1,14.071846742502817,0,144.92102764274188,0.0,0,-0.36875147163276195,-0.3695018604041804,-0.0007503887714184754
I3305,세라믹,2021,3571,603,0,35.8,220.1,14.071846742502817,0,144.92102764274188,0.0,0,3.2696669035373196,3.2722321014987283,0.0025651979614087494
I3305,세라믹,2022,3674,657,0,50.4,62.4,14.071846742502817,1,144.92102764274188,144.92102764274188,14.071846742502817,3.9015500725904255,3.9033808796348843,0.0018308070444588154
I3305,세라믹,2023,3837,798,0,48.4,-33.3,14.071846742502817,1,144.92102764274188,144.92102764274188,14.071846742502817,-1.2447680833326888,-1.2468358872301786,-0.0020678038974897284
I3306,시멘트,2018,24219,2053,77,38.1,584.7,8.259889171899857,0,127.87364773346034,0.0,0,1.0927507922027528,1.0929171854242599,0.00016639322150702185
I3306,시멘트,2019,25146,1956,32,40.6,372.3,8.259889171899857,0,127.87364773346034,0.0,0,-0.09336759540063852,-0.09413380449154626,-0.0007662090909077435
I3306,시멘트,2020,26451,2127,10,45,405.6,8.259889171899857,0,127.87364773346034,0.0,0,-1.6745265411711021,-1.675367906337427,-0.0008413651663248256
I3306,시멘트,2021,27445,2350,0,39.1,485.6,8.259889171899857,0,127.87364773346034,0.0,0,2.479446068098954,2.482322268132406,0.0028762000334521254
I3306,시멘트,2022,29192,2882,100,38.3,482.6,8.259889171899857,1,127.87364773346034,127.87364773346034,8.259889171899857,2.26286145402643,2.2649142263121322,0.002052772285702442
I3306,시멘트,2023,32654,3207,185,39.1,462.4,8.259889171899857,1,127.87364773346034,127.87364773346034,8.259889171899857,-0.7985106090626473,-0.8008291114662075,-0.002318502403560241
I3307,기타비금속,2018,5562,583,0,38.7,536.1,10.224176075510695,0,154.72204143725816,0.0,0,2.0773510770899,2.077636700805341,0.00028562371544094134
I3307,기타비금속,2019,5805,575,0,34.9,549.8,10.224176075510695,0,154.72204143725816,0.0,0,0.031234938548524688,0.02991969574375483,-0.0013152428047698561
I3307,기타비금속,2020,6096,627,0,33.4,638.4,10.224176075510695,0,154.72204143725816,0.0,0,-3.2601110620330336,-3.26155531464544,-0.001444252612406327
I3307,기타비금속,2021,6762,745,0,36.9,655.7,10.224176075510695,0,154.72204143725816,0.0,0,4.666042042783227,4.670979208687372,0.004937165904145502
I3307,기타비금속,2022,7068,761,0,33.6,563.1,10.224176075510695,1,154.72204143725816,154.72204143725816,10.224176075510695,4.611813515525948,4.615337219447815,0.003523703921866961
I3307,기타비금속,2023,7575,884,0,35.2,513,10.224176075510695,1,154.72204143725816,154.72204143725816,10.224176075510695,-1.529871894495652,-1.5338517397367357,-0.003979845241083746
I3308,철강,2018,134217,8480,2,28,528.2,6.08155588476321,0,175.67930267604564,0.0,0,1.4891637188887015,1.4892836093252582,0.00011989043655669107
I3308,철강,2019,136643,7971,4,28.9,371.5,6.08155588476321,0,175.67930267604564,0.0,0,-0.48769649118546,-0.4882485638093974,-0.0005520726239374163
I3308,철강,2020,138191,8412,2,30.6,233.3,6.08155588476321,0,175.67930267604564,0.0,0,-1.0425503204611062,-1.0431565448985012,-0.0006062244373949977
I3308,철강,2021,154789,8991,2,28.8,1501,6.08155588476321,0,175.67930267604564,0.0,0,5.965679729033531,5.967752102382111,0.0020723733485796814
I3308,철강,2022,190476,10168,0,20.9,781.2,6.08155588476321,1,175.67930267604564,175.67930267604564,6.08155588476321,2.9926390466563455,2.994118119921805,0.0014790732654597072
I3308,철강,2023,192088,9703,7,18.8,439,6.08155588476321,1,175.67930267604564,175.67930267604564,6.08155588476321,-1.920301740814724,-1.9219722792104799,-0.0016705383957558162
I3309,비철금속,2018,30863,4590,5,34.6,588.9,14.200206974798945,0,167.15279156835362,0.0,0,0.9014004205580949,0.9014892881462822,8.886758818726914e-05
I3309,비철금속,2019,31182,4217,0,30.9,666.6,14.200206974798945,0,167.15279156835362,0.0,0,-0.4835591619271076,-0.48396838024345157,-0.0004092183163439955
I3309,비철금속,2020,33182,4707,1,32.3,839.4,14.200206974798945,0,167.15279156835362,0.0,0,-0.022611942518096895,-0.02306130032509679,-0.0004493578069998949
I3309,비철금속,2021,37234,5067,0,31.4,1485.4,14.200206974798945,0,167.15279156835362,0.0,0,8.841991879529832,8.843528005567912,0.0015361260380792885
I3309,비철금속,2022,41860,5812,0,32.8,931.2,14.200206974798945,1,167.15279156835362,167.15279156835362,14.200206974798945,4.610272875876881,4.611369224156432,0.0010963482795505186
I3309,비철금속,2023,42879,6069,0,32,335,14.200206974798945,1,167.15279156835362,167.15279156835362,14.200206974798945,-1.9962296791513356,-1.9974679490456537,-0.001238269894318078
I3310,주조,2018,4154,874,0,66.8,185.9,21.439940154957647,0,104.42218440635982,0.0,0,1.1418486501641882,1.1420912431332557,0.00024259296906747885
I3310,주조,2019,4252,916,0,66.2,213.4,21.439940154957647,0,104.42218440635982,0.0,0,-0.38463558141999515,-0.3857526758340974,-0.0011170944141022376
I3310,주조,2020,4191,911,0,67.2,243.5,21.439940154957647,0,104.42218440635982,0.0,0,-1.0265294007947154,-1.0277560689962217,-0.001226668201506298
I3310,주조,2021,4513,1008,0,72.3,234.4,21.439940154957647,0,104.42218440635982,0.0,0,4.558817462046636,4.563010817397463,0.004193355350826877
I3310,주조,2022,4858,983,0,57.4,412.3,21.439940154957647,1,104.42218440635982,104.42218440635982,21.439940154957647,2.595228182486917,2.598221021492606,0.0029928390056892518
I3310,주조,2023,4866,1018,0,56.8,261.6,21.439940154957647,1,104.42218440635982,104.42218440635982,21.439940154957647,-1.397037465409945,-1.4004177255958838,-0.0033802601859389547
I3311,조립금속,2018,39480,5618,0,53.4,259.6,13.477774517202374,0,122.38510506328646,0.0,0,0.7268601907275083,0.7270594974774535,0.00019930674994517172
I3311,조립금속,2019,42311,5603,0,50.1,292.9,13.477774517202374,0,122.38510506328646,0.0,0,-0.18483472600127646,-0.1857524956213626,-0.000917769620086134
I3311,조립금속,2020,43392,5624,0,49.6,356.4,13.477774517202374,0,122.38510506328646,0.0,0,-0.6828538404094412,-0.6838616324054052,-0.0010077919959640136
I3311,조립금속,2021,48419,5983,0,49.3,420.6,13.477774517202374,0,122.38510506328646,0.0,0,2.6779237399510762,2.6813688687590185,0.0034451288079422326
I3311,조립금속,2022,51881,6669,0,44.2,412.6,13.477774517202374,1,122.38510506328646,122.38510506328646,13.477774517202374,2.165617800735748,2.168076623090023,0.002458822354274748
I3311,조립금속,2023,53827,7183,0,41.9,322.7,13.477774517202374,1,122.38510506328646,122.38510506328646,13.477774517202374,-0.8504809910541211,-0.853258106459478,-0.002777115405356856
I3312,조선,2018,45427,5809,6,73.4,52.5,12.324871296151194,0,106.0230127257644,0.0,0,1.094616993172374,1.094867038088879,0.00025004491650504335
I3312,조선,2019,59159,7347,0,62.2,3.2,12.324871296151194,0,106.0230127257644,0.0,0,0.19401635337107495,0.19286494415844876,-0.0011514092126261866
I3312,조선,2020,57500,6759,0,55.9,-89.1,12.324871296151194,0,106.0230127257644,0.0,0,-0.7267301919593182,-0.7279945408363871,-0.0012643488770689437
I3312,조선,2021,59664,5083,13,47.6,-737.2,12.324871296151194,0,106.0230127257644,0.0,0,2.3804702487050537,2.3847924151413054,0.004322166436251607
I3312,조선,2022,67806,5143,10,50.8,-474.9,12.324871296151194,1,106.0230127257644,106.0230127257644,12.324871296151194,2.4896354390446547,2.4927202117904086,0.0030847727457539165
I3312,조선,2023,74124,5043,10,46.7,92.8,12.324871296151194,1,106.0230127257644,106.0230127257644,12.324871296151194,-0.5827054933553789,-0.5861895880478507,-0.0034840946924717953
I3401,음식료,2018,84219,9169,0,41,668.3,10.24933112048429,0,120.30553535935013,0.0,0,0.6412510822820285,0.6414162050375639,0.00016512275553537403
I3401,음식료,2019,93361,9488,0,42,533,10.24933112048429,0,120.30553535935013,0.0,0,0.04080496129044975,0.0400446024533459,-0.0007603588371038472
I3401,음식료,2020,96090,9318,1,41.4,639.9,10.24933112048429,0,120.30553535935013,0.0,0,-0.41426720097726866,-0.4151021420488873,-0.0008349410716186334
I3401,음식료,2021,105718,11719,0,41.9,715.2,10.24933112048429,0,120.30553535935013,0.0,0,2.750488634243317,2.7533428735608423,0.0028542393175254865
I3401,음식료,2022,112835,14517,0,47,514.5,10.24933112048429,1,120.30553535935013,120.30553535935013,10.24933112048429,2.546554451038208,2.5485915497447067,0.002037098706498597
I3401,음식료,2023,117438,14246,1,43.6,395.3,10.24933112048429,1,120.30553535935013,120.30553535935013,10.24933112048429,-1.4165216307889201,-1.4188224306780275,-0.0023007998891073633
I3402,담배,2018,10589,1024,0,13.6,4642.9,5.47771337323025,0,195.0138732694872,0.0,0,-0.05184644462585741,-0.05179931504751954,4.712957833787057e-05
I3402,담배,2019,10610,527,0,8.1,5129.9,5.47771337323025,0,195.0138732694872,0.0,0,0.022337175806403157,0.022120153075271997,-0.00021702273113115983
I3402,담배,2020,11249,202,0,3.8,8644.4,5.47771337323025,0,195.0138732694872,0.0,0,-0.12251458345520388,-0.12275289355676913,-0.0002383101015652478
I3402,담배,2021,11033,68,0,2.4,12961.3,5.47771337323025,0,195.0138732694872,0.0,0,0.023940549058630235,0.02475521021828817,0.000814661159657934
I3402,담배,2022,11561,19,0,0.2,13480.3,5.47771337323025,1,195.0138732694872,195.0138732694872,5.47771337323025,0.5432623956559816,0.5438438273475655,0.0005814316915839779
I3402,담배,2023,12071,169,0,5.8,4957.5,5.47771337323025,1,195.0138732694872,195.0138732694872,5.47771337323025,0.4102631823797114,0.40960648471098665,-0.0006566976687247261
I3403,섬유,2018,24429,4006,0,49.5,296.1,15.788903604907755,0,117.34758937145409,0.0,0,0.9221951236987991,0.9257092260456116,0.0035141023468124866
I3403,섬유,2019,24558,4127,8,49.4,303.7,15.788903604907755,0,117.34758937145409,0.0,0,-0.35151181262237435,-0.3676935845727217,-0.016181771950347368
I3403,섬유,2020,25307,3575,1,40,588.4,15.788903604907755,0,117.34758937145409,0.0,0,-1.593641114256417,-1.6114101271929577,-0.01776901293654065
I3403,섬유,2021,29100,3771,0,36.9,855.3,15.788903604907755,0,117.34758937145409,0.0,0,2.8370876182916307,2.897830845665463,0.0607432273738322
I3403,섬유,2022,29485,4145,0,36.8,298.1,15.788903604907755,1,117.34758937145409,117.34758937145409,15.788903604907755,2.9228030479223976,2.96615608743525,0.0433530395128523
I3403,섬유,2023,29293,3975,0,33.8,105,15.788903604907755,1,117.34758937145409,117.34758937145409,15.788903604907755,-1.6768947977630706,-1.7258598617461902,-0.04896506398311962
I3404,의류,2018,28148,5258,0,42.4,456.4,16.82944928763025,0,154.33052284576644,0.0,0,0.28983233162526234,0.32614215799532653,0.03630982637006419
I3404,의류,2019,29216,4647,0,39.1,401.9,16.82944928763025,0,154.33052284576644,0.0,0,-0.24668612164111714,-0.413885955877608,-0.16719983423649087
I3404,의류,2020,29108,4629,0,42.4,318.6,16.82944928763025,0,154.33052284576644,0.0,0,-0.6072391969231525,-0.7908393630021135,-0.183600166078961
I3404,의류,2021,33465,5265,0,45.4,771,16.82944928763025,0,154.33052284576644,0.0,0,1.345719770591097,1.9733554571560739,0.6276356865649768
I3404,의류,2022,35280,5264,50,35.5,903.2,16.82944928763025,1,154.33052284576644,154.33052284576644,16.82944928763025,1.151586573323606,1.5995363431287206,0.4479497698051147
I3404,의류,2023,37978,5239,15,32.4,550.5,16.82944928763025,1,154.33052284576644,154.33052284576644,16.82944928763025,-0.8744556858586938,-1.3803922796061452,-0.5059365937474514
I3405,가죽신발,2018,7905,781,0,22.3,1197.8,9.56754683546626,0,169.7608628380195,0.0,0,0.4742116613348947,0.4776479274929836,0.003436266158088952
I3405,가죽신발,2019,8443,770,0,19.6,1288.3,9.56754683546626,0,169.7608628380195,0.0,0,-0.0807391405598114,-0.09656249168711464,-0.015823351127303237
I3405,가죽신발,2020,8884,862,0,22.4,654.1,9.56754683546626,0,169.7608628380195,0.0,0,-0.7915344576661074,-0.8089098929239527,-0.01737543525784524
I3405,가죽신발,2021,9825,1144,0,26.6,1182.2,9.56754683546626,0,169.7608628380195,0.0,0,1.0967559695328841,1.1561537547872438,0.05939778525435968
I3405,가죽신발,2022,10199,936,0,18.3,1061.5,9.56754683546626,1,169.7608628380195,169.7608628380195,9.56754683546626,1.018252895608038,1.060645679831708,0.04239278422367021
I3405,가죽신발,2023,11124,1147,0,21.3,727.6,9.56754683546626,1,169.7608628380195,169.7608628380195,9.56754683546626,-0.3943860990078498,-0.44226660324145084,-0.04788050423360102
I3406,목재,2018,5179,967,0,57.3,260,16.78591319201519,0,88.76569515699853,0.0,0,1.082273085164125,1.0824987935692465,0.00022570840512159407
I3406,목재,2019,5404,935,0,64.4,129.8,16.78591319201519,0,88.76569515699853,0.0,0,-0.31944868442493585,-0.3204880286381938,-0.0010393442132579644
I3406,목재,2020,5513,793,0,56.9,226.4,16.78591319201519,0,88.76569515699853,0.0,0,-1.1727294103107389,-1.1738707019336565,-0.0011412916229176506
I3406,목재,2021,6263,947,0,55.9,428.4,16.78591319201519,0,88.76569515699853,0.0,0,3.8111179221291174,3.8150194183348063,0.0039014962056889146
I3406,목재,2022,6625,1155,0,61.4,136.3,16.78591319201519,1,88.76569515699853,88.76569515699853,16.78591319201519,3.0664766867553936,3.069261223015272,0.0027845362598784007
I3406,목재,2023,7418,1339,0,52.2,4.5,16.78591319201519,1,88.76569515699853,88.76569515699853,16.78591319201519,-2.3617672307553805,-2.3649122235323654,-0.0031449927769848784
I3407,제지,2018,18039,2498,15,46.7,566.6,11.752048193431854,0,119.17021936505625,0.0,0,1.7294938962684778,1.7298295801750307,0.00033568390655291935
I3407,제지,2019,19028,2241,10,42.3,533.7,11.752048193431854,0,119.17021936505625,0.0,0,-2.1192999943222204,-2.120845754771734,-0.0015457604495137112
I3407,제지,2020,20031,1882,20,42.8,645.4,11.752048193431854,0,119.17021936505625,0.0,0,-1.3552666098101889,-1.356963991129644,-0.0016973813194551823
I3407,제지,2021,21849,2046,0,42.2,675.5,11.752048193431854,0,119.17021936505625,0.0,0,4.044732212049515,4.050534696396618,0.005802484347102954
I3407,제지,2022,23052,2889,0,43.3,553.8,11.752048193431854,1,119.17021936505625,119.17021936505625,11.752048193431854,3.540983611049553,3.545124901264913,0.004141290215359916
I3407,제지,2023,23781,3010,10,38.8,355.5,11.752048193431854,1,119.17021936505625,119.17021936505625,11.752048193431854,-2.457049381249043,-2.461726758951884,-0.004677377702841046
I3408,인쇄,2018,3027,459,0,60.3,286.7,14.949521244213814,0,97.05033737502998,0.0,0,1.104240810842802,1.1043775764282515,0.00013676558544961637
I3408,인쇄,2019,3429,533,0,58.8,343.4,14.949521244213814,0,97.05033737502998,0.0,0,-1.1783213857066037,-1.1789511651768603,-0.0006297794702565529
I3408,인쇄,2020,3755,531,0,59.1,386.4,14.949521244213814,0,97.05033737502998,0.0,0,-1.0002754462013619,-1.0009669996102524,-0.0006915534088904884
I3408,인쇄,2021,4232,602,0,64,365.8,14.949521244213814,0,97.05033737502998,0.0,0,2.5394548122950806,2.541818882044335,0.002364069749254405
I3408,인쇄,2022,4380,580,0,57,234.7,14.949521244213814,1,97.05033737502998,97.05033737502998,14.949521244213814,2.238203802264737,2.239891062123681,0.0016872598589441345
I3408,인쇄,2023,4729,648,0,59.9,147.1,14.949521244213814,1,97.05033737502998,97.05033737502998,14.949521244213814,-1.4426986131298014,-1.4446042877463379,-0.0019056746165364569
I3409,가구,2018,5966,523,0,31.7,660.6,9.076646012719129,0,129.268073223785,0.0,0,0.6064561051374063,0.6069765582696921,0.0005204531322857697
I3409,가구,2019,6410,622,4,34.2,514,9.076646012719129,0,129.268073223785,0.0,0,-0.3296694159814728,-0.33206600352114224,-0.002396587539669426
I3409,가구,2020,6680,579,2,28.9,792.8,9.076646012719129,0,129.268073223785,0.0,0,-0.8427814255017275,-0.8454130900145267,-0.00263166451279917
I3409,가구,2021,7455,761,3,37.3,642.7,9.076646012719129,0,129.268073223785,0.0,0,2.3567029452003525,2.3656992691066665,0.008996323906313997
I3409,가구,2022,7809,896,1,37.9,231.2,9.076646012719129,1,129.268073223785,129.268073223785,9.076646012719129,1.6462706344885547,1.6526913994469354,0.006420764958380731
I3409,가구,2023,8476,863,0,33.4,373.2,9.076646012719129,1,129.268073223785,129.268073223785,9.076646012719129,-1.181116090682228,-1.1883680197405,-0.007251929058271989
I3410,기타 제조업,2018,4792,625,1,30.4,803.5,11.205337870543993,0,167.91914792000966,0.0,0,0.4547108619913923,0.4558366572594559,0.0011257952680635563
I3410,기타 제조업,2019,5447,538,0,30.4,415.2,11.205337870543993,0,167.91914792000966,0.0,0,0.10043948601988581,0.09525541324889503,-0.005184072770990783
I3410,기타 제조업,2020,5536,591,0,29.9,459.4,11.205337870543993,0,167.91914792000966,0.0,0,-0.3767680315168274,-0.3824606006875186,-0.005692569170691164
I3410,기타 제조업,2021,6202,739,0,36.6,485.2,11.205337870543993,0,167.91914792000966,0.0,0,1.1635313173445674,1.1829913191303434,0.019460001785776004
I3410,기타 제조업,2022,7566,987,0,39.9,580.5,11.205337870543993,1,167.91914792000966,167.91914792000966,11.205337870543993,1.0360749707619725,1.049963765658346,0.013888794896373513
I3410,기타 제조업,2023,9004,1660,0,50.9,329.7,11.205337870543993,1,167.91914792000966,167.91914792000966,11.205337870543993,-0.5787374526270209,-0.5944241435347657,-0.01568669090774477
