지표번호,지표,단위,연도,값_원본,값
1,생산지수원지수,14201.230331 2020=100,1999,1.9,1.9
1,생산지수원지수,14201.230331 2020=100,2000,2.6,2.6
1,생산지수원지수,14201.230331 2020=100,2001,2.2,2.2
1,생산지수원지수,14201.230331 2020=100,2002,3.1,3.1
1,생산지수원지수,14201.230331 2020=100,2003,3.6,3.6
1,생산지수원지수,14201.230331 2020=100,2004,5.5,5.5
1,생산지수원지수,14201.230331 2020=100,2005,7.1,7.1
1,생산지수원지수,14201.230331 2020=100,2006,11.1,11.1
1,생산지수원지수,14201.230331 2020=100,2007,13.3,13.3
1,생산지수원지수,14201.230331 2020=100,2008,15.4,15.4
1,생산지수원지수,14201.230331 2020=100,2009,16.6,16.6
1,생산지수원지수,14201.230331 2020=100,2010,22.9,22.9
1,생산지수원지수,14201.230331 2020=100,2011,29.1,29.1
1,생산지수원지수,14201.230331 2020=100,2012,31.4,31.4
1,생산지수원지수,14201.230331 2020=100,2013,34.6,34.6
1,생산지수원지수,14201.230331 2020=100,2014,36.0,36.0
1,생산지수원지수,14201.230331 2020=100,2015,43.3,43.3
1,생산지수원지수,14201.230331 2020=100,2016,54.3,54.3
1,생산지수원지수,14201.230331 2020=100,2017,60.2,60.2
1,생산지수원지수,14201.230331 2020=100,2018,73.0,73.0
1,생산지수원지수,14201.230331 2020=100,2019,81.5,81.5
1,생산지수원지수,14201.230331 2020=100,2020,100.0,100.0
1,생산지수원지수,14201.230331 2020=100,2021,128.7,128.7
1,생산지수원지수,14201.230331 2020=100,2022,135.7,135.7
1,생산지수원지수,14201.230331 2020=100,2023,133.0,133.0
1,생산지수원지수,14201.230331 2020=100,2024,160.1,160.1
1,생산지수원지수,14201.230331 2020=100,2025,180.6,180.6
3,출하지수원지수,14201.230331 2020=100,1999,2.1,2.1
3,출하지수원지수,14201.230331 2020=100,2000,2.8,2.8
3,출하지수원지수,14201.230331 2020=100,2001,2.4,2.4
3,출하지수원지수,14201.230331 2020=100,2002,3.4,3.4
3,출하지수원지수,14201.230331 2020=100,2003,4.0,4.0
3,출하지수원지수,14201.230331 2020=100,2004,5.8,5.8
3,출하지수원지수,14201.230331 2020=100,2005,7.6,7.6
3,출하지수원지수,14201.230331 2020=100,2006,11.4,11.4
3,출하지수원지수,14201.230331 2020=100,2007,13.9,13.9
3,출하지수원지수,14201.230331 2020=100,2008,15.7,15.7
3,출하지수원지수,14201.230331 2020=100,2009,15.9,15.9
3,출하지수원지수,14201.230331 2020=100,2010,21.6,21.6
3,출하지수원지수,14201.230331 2020=100,2011,27.8,27.8
3,출하지수원지수,14201.230331 2020=100,2012,30.2,30.2
3,출하지수원지수,14201.230331 2020=100,2013,33.4,33.4
3,출하지수원지수,14201.230331 2020=100,2014,36.4,36.4
3,출하지수원지수,14201.230331 2020=100,2015,43.0,43.0
3,출하지수원지수,14201.230331 2020=100,2016,54.8,54.8
3,출하지수원지수,14201.230331 2020=100,2017,59.1,59.1
3,출하지수원지수,14201.230331 2020=100,2018,70.1,70.1
3,출하지수원지수,14201.230331 2020=100,2019,78.4,78.4
3,출하지수원지수,14201.230331 2020=100,2020,100.0,100.0
3,출하지수원지수,14201.230331 2020=100,2021,122.7,122.7
3,출하지수원지수,14201.230331 2020=100,2022,126.3,126.3
3,출하지수원지수,14201.230331 2020=100,2023,137.5,137.5
3,출하지수원지수,14201.230331 2020=100,2024,157.5,157.5
3,출하지수원지수,14201.230331 2020=100,2025,178.4,178.4
5,재고지수원지수,14201.230331 2020=100,1999,2.4,2.4
5,재고지수원지수,14201.230331 2020=100,2000,4.2,4.2
5,재고지수원지수,14201.230331 2020=100,2001,3.8,3.8
5,재고지수원지수,14201.230331 2020=100,2002,3.9,3.9
5,재고지수원지수,14201.230331 2020=100,2003,3.4,3.4
5,재고지수원지수,14201.230331 2020=100,2004,7.1,7.1
5,재고지수원지수,14201.230331 2020=100,2005,8.0,8.0
5,재고지수원지수,14201.230331 2020=100,2006,14.4,14.4
5,재고지수원지수,14201.230331 2020=100,2007,17.8,17.8
5,재고지수원지수,14201.230331 2020=100,2008,21.4,21.4
5,재고지수원지수,14201.230331 2020=100,2009,24.7,24.7
5,재고지수원지수,14201.230331 2020=100,2010,36.7,36.7
5,재고지수원지수,14201.230331 2020=100,2011,76.1,76.1
5,재고지수원지수,14201.230331 2020=100,2012,100.1,100.1
5,재고지수원지수,14201.230331 2020=100,2013,83.5,83.5
5,재고지수원지수,14201.230331 2020=100,2014,50.7,50.7
5,재고지수원지수,14201.230331 2020=100,2015,94.1,94.1
5,재고지수원지수,14201.230331 2020=100,2016,73.4,73.4
5,재고지수원지수,14201.230331 2020=100,2017,100.8,100.8
5,재고지수원지수,14201.230331 2020=100,2018,103.5,103.5
5,재고지수원지수,14201.230331 2020=100,2019,95.2,95.2
5,재고지수원지수,14201.230331 2020=100,2020,106.3,106.3
5,재고지수원지수,14201.230331 2020=100,2021,125.5,125.5
5,재고지수원지수,14201.230331 2020=100,2022,145.7,145.7
5,재고지수원지수,14201.230331 2020=100,2023,156.6,156.6
5,재고지수원지수,14201.230331 2020=100,2024,122.8,122.8
5,재고지수원지수,14201.230331 2020=100,2025,80.4,80.4
7,가동률지수원지수,14201.230331 2020=100,1999,75.4,75.4
7,가동률지수원지수,14201.230331 2020=100,2000,79.3,79.3
7,가동률지수원지수,14201.230331 2020=100,2001,65.6,65.6
7,가동률지수원지수,14201.230331 2020=100,2002,83.7,83.7
7,가동률지수원지수,14201.230331 2020=100,2003,81.8,81.8
7,가동률지수원지수,14201.230331 2020=100,2004,91.6,91.6
7,가동률지수원지수,14201.230331 2020=100,2005,93.1,93.1
7,가동률지수원지수,14201.230331 2020=100,2006,88.4,88.4
7,가동률지수원지수,14201.230331 2020=100,2007,83.9,83.9
7,가동률지수원지수,14201.230331 2020=100,2008,78.2,78.2
7,가동률지수원지수,14201.230331 2020=100,2009,80.9,80.9
7,가동률지수원지수,14201.230331 2020=100,2010,88.7,88.7
7,가동률지수원지수,14201.230331 2020=100,2011,85.5,85.5
7,가동률지수원지수,14201.230331 2020=100,2012,85.6,85.6
7,가동률지수원지수,14201.230331 2020=100,2013,81.9,81.9
7,가동률지수원지수,14201.230331 2020=100,2014,85.9,85.9
7,가동률지수원지수,14201.230331 2020=100,2015,87.0,87.0
7,가동률지수원지수,14201.230331 2020=100,2016,97.1,97.1
7,가동률지수원지수,14201.230331 2020=100,2017,95.1,95.1
7,가동률지수원지수,14201.230331 2020=100,2018,99.2,99.2
7,가동률지수원지수,14201.230331 2020=100,2019,96.4,96.4
7,가동률지수원지수,14201.230331 2020=100,2020,100.0,100.0
7,가동률지수원지수,14201.230331 2020=100,2021,109.1,109.1
7,가동률지수원지수,14201.230331 2020=100,2022,102.1,102.1
7,가동률지수원지수,14201.230331 2020=100,2023,91.2,91.2
7,가동률지수원지수,14201.230331 2020=100,2024,101.1,101.1
7,가동률지수원지수,14201.230331 2020=100,2025,98.9,98.9
