변경일자,기준금리,변동폭,유지개월
1999-05-06,4.75,,9.2
2000-02-10,5.0,0.25,7.8
2000-10-05,5.25,0.25,4.1
2001-02-08,5.0,-0.25,4.8
2001-07-05,4.75,-0.25,1.1
2001-08-09,4.5,-0.25,1.3
2001-09-19,4.0,-0.5,7.6
2002-05-07,4.25,0.25,12.2
2003-05-13,4.0,-0.25,1.9
2003-07-10,3.75,-0.25,13.1
2004-08-12,3.5,-0.25,3.0
2004-11-11,3.25,-0.25,11.0
2005-10-11,3.5,0.25,1.9
2005-12-08,3.75,0.25,2.1
2006-02-09,4.0,0.25,3.9
2006-06-08,4.25,0.25,2.1
2006-08-10,4.5,0.25,11.0
2007-07-12,4.75,0.25,0.9
2007-08-09,5.0,0.25,12.0
2008-08-07,5.25,0.25,2.1
2008-10-09,5.0,-0.25,0.6
2008-10-27,4.25,-0.75,0.4
2008-11-07,4.0,-0.25,1.1
2008-12-11,3.0,-1.0,1.0
2009-01-09,2.5,-0.5,1.1
2009-02-12,2.0,-0.5,16.8
2010-07-09,2.25,0.25,4.3
2010-11-16,2.5,0.25,1.9
2011-01-13,2.75,0.25,1.8
2011-03-10,3.0,0.25,3.0
2011-06-10,3.25,0.25,13.1
2012-07-12,3.0,-0.25,3.0
2012-10-11,2.75,-0.25,6.9
2013-05-09,2.5,-0.25,15.2
2014-08-14,2.25,-0.25,2.0
2014-10-15,2.0,-0.25,4.9
2015-03-12,1.75,-0.25,3.0
2015-06-11,1.5,-0.25,12.0
2016-06-09,1.25,-0.25,17.7
2017-11-30,1.5,0.25,12.0
2018-11-30,1.75,0.25,7.6
2019-07-18,1.5,-0.25,3.0
2019-10-16,1.25,-0.25,5.0
2020-03-17,0.75,-0.5,2.4
2020-05-28,0.5,-0.25,14.9
2021-08-26,0.75,0.25,3.0
2021-11-25,1.0,0.25,1.6
2022-01-14,1.25,0.25,3.0
2022-04-14,1.5,0.25,1.4
2022-05-26,1.75,0.25,1.6
2022-07-13,2.25,0.5,1.4
2022-08-25,2.5,0.25,1.6
2022-10-12,3.0,0.5,1.4
2022-11-24,3.25,0.25,1.6
2023-01-13,3.5,0.25,20.9
2024-10-11,3.25,-0.25,1.6
2024-11-28,3.0,-0.25,2.9
2025-02-25,2.75,-0.25,3.1
2025-05-29,2.5,-0.25,13.6
2026-07-16,2.75,0.25,1.4
2026-08-27,3.0,0.25,1.1
