연도,연말금리,연평균,연중최고,연중최저,전년말대비,변경횟수,국면
1999,4.75,4.75,4.75,4.75,,1,동결
2000,5.25,5.033,5.25,4.75,0.5,2,인상
2001,4.0,4.661,5.25,4.0,-1.25,4,인하
2002,4.25,4.164,4.25,4.0,0.25,1,인상
2003,3.75,3.971,4.25,3.75,-0.5,2,인하
2004,3.25,3.618,3.75,3.25,-0.5,2,인하
2005,3.75,3.323,3.75,3.25,0.5,2,인상
2006,4.5,4.214,4.5,3.75,0.75,3,인상
2007,5.0,4.718,5.0,4.5,0.5,2,인상
2008,3.0,4.813,5.25,3.0,-2.0,5,인하
2009,2.0,2.068,3.0,2.0,-1.0,2,인하
2010,2.5,2.152,2.5,2.0,0.5,2,인상
2011,3.25,3.086,3.25,2.5,0.75,3,인상
2012,2.75,3.076,3.25,2.75,-0.5,2,인하
2013,2.5,2.588,2.75,2.5,-0.25,1,인하
2014,2.0,2.351,2.5,2.0,-0.5,2,인하
2015,1.5,1.658,2.0,1.5,-0.5,2,인하
2016,1.25,1.359,1.5,1.25,-0.25,1,인하
2017,1.5,1.272,1.5,1.25,0.25,1,인상
2018,1.75,1.522,1.75,1.5,0.25,1,인상
2019,1.25,1.583,1.75,1.25,-0.5,2,인하
2020,0.5,0.705,1.25,0.5,-0.75,2,인하
2021,1.0,0.613,1.0,0.5,0.5,2,인상
2022,3.25,2.032,3.25,1.0,2.25,7,인상
2023,3.5,3.492,3.5,3.25,0.25,1,인상
2024,3.0,3.421,3.5,3.0,-0.5,2,인하
2025,2.5,2.639,3.0,2.5,-0.5,2,인하
2026,3.0,2.604,3.0,2.5,0.5,2,인상
