업종코드,업종,연도,자산총계,단기차입,단기사채,차입의존도,ICR,사전노출도(%),Post,Post×사전노출도
I3101,의약,2015,40519.0,2661.0,0.0,24.3,768.4,6.230199610129824,0,0.0
I3101,의약,2016,45647.0,2696.0,2.0,20.2,846.1,6.230199610129824,0,0.0
I3101,의약,2017,49141.0,3053.0,0.0,19.9,1039.6,6.230199610129824,0,0.0
I3101,의약,2018,52034.0,3057.0,0.0,18.6,700.1,6.230199610129824,1,6.230199610129824
I3101,의약,2019,54757.0,3510.0,0.0,22.1,549.9,6.230199610129824,1,6.230199610129824
I3102,반도체,2015,44644.0,1207.0,0.0,22.6,1795.2,2.524811151962127,0,0.0
I3102,반도체,2016,48085.0,1306.0,0.0,22.0,1161.8,2.524811151962127,0,0.0
I3102,반도체,2017,62326.0,1343.0,0.0,16.0,4759.9,2.524811151962127,0,0.0
I3102,반도체,2018,80340.0,1226.0,0.0,12.6,7729.6,2.524811151962127,1,2.524811151962127
I3102,반도체,2019,81899.0,2395.0,0.0,18.1,813.6,2.524811151962127,1,2.524811151962127
I3103,디스플레이,2015,63459.0,1837.0,0.0,8.5,1653.2,3.12744692884483,0,0.0
I3103,디스플레이,2016,69180.0,2395.0,0.0,13.4,1584.1,3.12744692884483,0,0.0
I3103,디스플레이,2017,80117.0,2424.0,0.0,13.6,4173.6,3.12744692884483,0,0.0
I3103,디스플레이,2018,78125.0,2182.0,0.0,13.5,478.3,3.12744692884483,1,3.12744692884483
I3103,디스플레이,2019,78156.0,2343.0,0.0,17.9,-698.9,3.12744692884483,1,3.12744692884483
I3104,컴퓨터,2015,1101.0,128.0,0.0,39.2,400.4,10.597762562906203,0,0.0
I3104,컴퓨터,2016,1298.0,126.0,0.0,32.6,427.3,10.597762562906203,0,0.0
I3104,컴퓨터,2017,1434.0,150.0,0.0,30.2,860.5,10.597762562906203,0,0.0
I3104,컴퓨터,2018,1631.0,165.0,0.0,29.8,633.9,10.597762562906203,1,10.597762562906203
I3104,컴퓨터,2019,2615.0,195.0,0.0,34.7,-930.0,10.597762562906203,1,10.597762562906203
I3105,통신기기,2015,205422.0,8560.0,3.0,10.0,2119.4,4.965630935008524,0,0.0
I3105,통신기기,2016,212563.0,10409.0,2.0,11.3,2015.0,4.965630935008524,0,0.0
I3105,통신기기,2017,238159.0,13884.0,2.0,12.6,5077.8,4.965630935008524,0,0.0
I3105,통신기기,2018,259692.0,11874.0,0.0,10.4,5772.6,4.965630935008524,1,4.965630935008524
I3105,통신기기,2019,257766.0,11922.0,3.0,10.4,1933.3,4.965630935008524,1,4.965630935008524
I3106,가전,2015,11219.0,1338.0,0.0,30.3,485.5,11.5905774140947,0,0.0
I3106,가전,2016,11948.0,1366.0,0.0,30.8,526.6,11.5905774140947,0,0.0
I3106,가전,2017,12749.0,1453.0,2.0,31.5,435.3,11.5905774140947,0,0.0
I3106,가전,2018,13119.0,1445.0,0.0,33.6,293.5,11.5905774140947,1,11.5905774140947
I3106,가전,2019,14908.0,1482.0,2.0,28.9,502.6,11.5905774140947,1,11.5905774140947
I3107,정밀기기,2015,15005.0,1624.0,0.0,32.5,831.2,10.167018975083181,0,0.0
I3107,정밀기기,2016,16969.0,1675.0,0.0,29.2,917.6,10.167018975083181,0,0.0
I3107,정밀기기,2017,18762.0,1840.0,0.0,30.4,972.3,10.167018975083181,0,0.0
I3107,정밀기기,2018,20546.0,1913.0,2.0,30.1,667.3,10.167018975083181,1,10.167018975083181
I3107,정밀기기,2019,22860.0,2155.0,0.0,29.8,619.5,10.167018975083181,1,10.167018975083181
I3108,전지,2015,18856.0,768.0,0.0,10.4,-629.3,4.5279143908714685,0,0.0
I3108,전지,2016,17801.0,578.0,0.0,8.5,-2655.1,4.5279143908714685,0,0.0
I3108,전지,2017,18168.0,1138.0,0.0,10.9,953.8,4.5279143908714685,0,0.0
I3108,전지,2018,21504.0,1825.0,0.0,20.6,1697.9,4.5279143908714685,1,4.5279143908714685
I3108,전지,2019,23456.0,1588.0,0.0,22.8,908.3,4.5279143908714685,1,4.5279143908714685
I3109,항공,2015,7998.0,445.0,0.0,32.6,682.6,6.831592811162173,0,0.0
I3109,항공,2016,9075.0,429.0,0.0,44.4,812.7,6.831592811162173,0,0.0
I3109,항공,2017,8742.0,892.0,0.0,58.8,-289.7,6.831592811162173,0,0.0
I3109,항공,2018,9648.0,550.0,0.0,50.6,111.8,6.831592811162173,1,6.831592811162173
I3109,항공,2019,10915.0,662.0,0.0,64.3,313.5,6.831592811162173,1,6.831592811162173
I3201,석유화학,2015,103535.0,6438.0,0.0,31.3,1065.5,5.031621811033113,0,0.0
I3201,석유화학,2016,110899.0,5742.0,0.0,26.9,1557.0,5.031621811033113,0,0.0
I3201,석유화학,2017,122682.0,4537.0,1.0,22.2,2178.2,5.031621811033113,0,0.0
I3201,석유화학,2018,128508.0,5018.0,0.0,22.7,1675.6,5.031621811033113,1,5.031621811033113
I3201,석유화학,2019,134344.0,4750.0,0.0,27.9,924.8,5.031621811033113,1,5.031621811033113
I3202,정밀화학,2015,59587.0,5575.0,0.0,35.5,884.4,9.254183362839957,0,0.0
I3202,정밀화학,2016,65126.0,6066.0,0.0,31.6,1124.3,9.254183362839957,0,0.0
I3202,정밀화학,2017,68817.0,6257.0,0.0,29.1,1032.3,9.254183362839957,0,0.0
I3202,정밀화학,2018,71222.0,5952.0,0.0,29.2,860.6,9.254183362839957,1,9.254183362839957
I3202,정밀화학,2019,76991.0,6534.0,3.0,28.0,664.5,9.254183362839957,1,9.254183362839957
I3203,기타 전자부품,2015,37206.0,4245.0,1.0,37.2,367.2,10.493988135657373,0,0.0
I3203,기타 전자부품,2016,38604.0,3939.0,0.0,33.2,223.7,10.493988135657373,0,0.0
I3203,기타 전자부품,2017,41860.0,4087.0,43.0,34.1,553.8,10.493988135657373,0,0.0
I3203,기타 전자부품,2018,43550.0,4036.0,5.0,32.1,551.8,10.493988135657373,1,10.493988135657373
I3203,기타 전자부품,2019,45998.0,4204.0,53.0,27.8,610.5,10.493988135657373,1,10.493988135657373
I3204,전기기기,2015,24467.0,2719.0,0.0,48.1,572.8,10.684256278200955,0,0.0
I3204,전기기기,2016,26182.0,2835.0,2.0,45.0,579.0,10.684256278200955,0,0.0
I3204,전기기기,2017,29572.0,2987.0,1.0,43.9,568.7,10.684256278200955,0,0.0
I3204,전기기기,2018,33502.0,3842.0,1.0,48.1,340.8,10.684256278200955,1,10.684256278200955
I3204,전기기기,2019,36576.0,3549.0,5.0,45.7,341.1,10.684256278200955,1,10.684256278200955
I3205,일반목적기계,2015,45896.0,5661.0,0.0,52.0,318.5,11.28747010381919,0,0.0
I3205,일반목적기계,2016,47214.0,4732.0,1.0,46.9,267.3,11.28747010381919,0,0.0
I3205,일반목적기계,2017,49081.0,5645.0,1.0,46.2,422.9,11.28747010381919,0,0.0
I3205,일반목적기계,2018,49880.0,5113.0,0.0,47.9,285.7,11.28747010381919,1,11.28747010381919
I3205,일반목적기계,2019,53606.0,6708.0,0.0,53.2,297.7,11.28747010381919,1,11.28747010381919
I3206,특수목적기계,2015,44203.0,5610.0,0.0,48.9,294.2,11.494436462596545,0,0.0
I3206,특수목적기계,2016,51010.0,5380.0,1.0,42.4,483.8,11.494436462596545,0,0.0
I3206,특수목적기계,2017,59584.0,6671.0,28.0,42.5,754.1,11.494436462596545,0,0.0
I3206,특수목적기계,2018,61996.0,6749.0,2.0,42.1,548.6,11.494436462596545,1,11.494436462596545
I3206,특수목적기계,2019,66038.0,6756.0,13.0,37.6,463.8,11.494436462596545,1,11.494436462596545
I3207,자동차,2015,227099.0,15706.0,0.0,23.8,990.3,7.139360227653024,0,0.0
I3207,자동차,2016,240715.0,17404.0,0.0,24.8,823.8,7.139360227653024,0,0.0
I3207,자동차,2017,246740.0,17943.0,0.0,24.7,436.4,7.139360227653024,0,0.0
I3207,자동차,2018,251229.0,18289.0,86.0,23.0,239.0,7.139360227653024,1,7.139360227653024
I3207,자동차,2019,267160.0,20685.0,11.0,23.6,504.3,7.139360227653024,1,7.139360227653024
I3208,철도,2015,5177.0,609.0,0.0,117.8,-324.2,7.4932483657839795,0,0.0
I3208,철도,2016,4616.0,275.0,0.0,79.4,189.2,7.4932483657839795,0,0.0
I3208,철도,2017,4371.0,208.0,0.0,77.6,67.8,7.4932483657839795,0,0.0
I3208,철도,2018,4438.0,236.0,0.0,87.0,-469.8,7.4932483657839795,1,7.4932483657839795
I3208,철도,2019,4705.0,510.0,0.0,119.9,-639.7,7.4932483657839795,1,7.4932483657839795
I3209,기타 수송장비,2015,813.0,102.0,0.0,52.3,106.8,14.359835831505293,0,0.0
I3209,기타 수송장비,2016,853.0,134.0,0.0,53.7,6.6,14.359835831505293,0,0.0
I3209,기타 수송장비,2017,796.0,118.0,0.0,47.8,-215.2,14.359835831505293,0,0.0
I3209,기타 수송장비,2018,826.0,89.0,0.0,37.0,62.9,14.359835831505293,1,14.359835831505293
I3209,기타 수송장비,2019,846.0,147.0,0.0,42.4,143.6,14.359835831505293,1,14.359835831505293
I3301,석유정제,2015,72755.0,2537.0,0.0,38.7,764.8,3.406913435368334,0,0.0
I3301,석유정제,2016,79617.0,3024.0,0.0,34.5,1317.1,3.406913435368334,0,0.0
I3301,석유정제,2017,84619.0,2484.0,0.0,29.8,1795.3,3.406913435368334,0,0.0
I3301,석유정제,2018,87760.0,4372.0,0.0,37.5,1146.6,3.406913435368334,1,3.406913435368334
I3301,석유정제,2019,92330.0,4809.0,0.0,44.8,501.9,3.406913435368334,1,3.406913435368334
I3302,고무,2015,15943.0,2001.0,0.0,44.9,650.5,11.057714258308144,0,0.0
I3302,고무,2016,16447.0,1675.0,0.0,35.2,707.7,11.057714258308144,0,0.0
I3302,고무,2017,16737.0,1747.0,0.0,28.3,268.5,11.057714258308144,0,0.0
I3302,고무,2018,17127.0,1583.0,0.0,34.0,321.1,11.057714258308144,1,11.057714258308144
I3302,고무,2019,17197.0,1263.0,12.0,28.2,423.3,11.057714258308144,1,11.057714258308144
I3303,플라스틱,2015,26870.0,3623.0,0.0,55.5,625.9,12.089447586473307,0,0.0
I3303,플라스틱,2016,28803.0,3188.0,0.0,46.4,691.9,12.089447586473307,0,0.0
I3303,플라스틱,2017,31067.0,3640.0,0.0,49.0,586.1,12.089447586473307,0,0.0
I3303,플라스틱,2018,32495.0,3833.0,0.0,49.3,432.3,12.089447586473307,1,12.089447586473307
I3303,플라스틱,2019,34078.0,3744.0,0.0,48.6,424.5,12.089447586473307,1,12.089447586473307
I3304,유리,2015,11031.0,500.0,0.0,56.6,323.6,4.423106410864316,0,0.0
I3304,유리,2016,11427.0,522.0,0.0,50.8,381.9,4.423106410864316,0,0.0
I3304,유리,2017,11299.0,471.0,0.0,35.0,403.4,4.423106410864316,0,0.0
I3304,유리,2018,11486.0,514.0,0.0,29.8,343.1,4.423106410864316,1,4.423106410864316
I3304,유리,2019,11746.0,507.0,0.0,29.0,1434.2,4.423106410864316,1,4.423106410864316
I3305,세라믹,2015,2452.0,270.0,0.0,30.2,474.7,12.00728784583872,0,0.0
I3305,세라믹,2016,2586.0,286.0,0.0,28.5,683.3,12.00728784583872,0,0.0
I3305,세라믹,2017,2688.0,375.0,0.0,29.4,445.5,12.00728784583872,0,0.0
I3305,세라믹,2018,2771.0,369.0,0.0,33.2,599.9,12.00728784583872,1,12.00728784583872
I3305,세라믹,2019,2895.0,376.0,0.0,34.2,286.6,12.00728784583872,1,12.00728784583872
I3306,시멘트,2015,19422.0,2094.0,157.0,38.3,624.1,10.801389820226635,0,0.0
I3306,시멘트,2016,21042.0,2359.0,7.0,35.3,910.8,10.801389820226635,0,0.0
I3306,시멘트,2017,23072.0,2188.0,20.0,36.2,796.8,10.801389820226635,0,0.0
I3306,시멘트,2018,24219.0,2053.0,77.0,38.1,584.7,10.801389820226635,1,10.801389820226635
I3306,시멘트,2019,25146.0,1956.0,32.0,40.6,372.3,10.801389820226635,1,10.801389820226635
I3307,기타비금속,2015,4487.0,448.0,0.0,30.2,482.6,9.890841375358333,0,0.0
I3307,기타비금속,2016,4920.0,478.0,0.0,33.8,646.4,9.890841375358333,0,0.0
I3307,기타비금속,2017,5124.0,511.0,0.0,30.6,687.8,9.890841375358333,0,0.0
I3307,기타비금속,2018,5562.0,583.0,0.0,38.7,536.1,9.890841375358333,1,9.890841375358333
I3307,기타비금속,2019,5805.0,575.0,0.0,34.9,549.8,9.890841375358333,1,9.890841375358333
I3308,철강,2015,127213.0,9647.0,2.0,34.6,383.0,6.828440792298084,0,0.0
I3308,철강,2016,129013.0,8468.0,1.0,30.6,518.8,6.828440792298084,0,0.0
I3308,철강,2017,132561.0,8397.0,2.0,26.1,547.3,6.828440792298084,0,0.0
I3308,철강,2018,134217.0,8480.0,2.0,28.0,528.2,6.828440792298084,1,6.828440792298084
I3308,철강,2019,136643.0,7971.0,4.0,28.9,371.5,6.828440792298084,1,6.828440792298084
I3309,비철금속,2015,26353.0,4584.0,0.0,43.6,520.1,16.715482303013662,0,0.0
I3309,비철금속,2016,27879.0,4714.0,0.0,40.9,858.6,16.715482303013662,0,0.0
I3309,비철금속,2017,28877.0,4569.0,6.0,36.2,810.2,16.715482303013662,0,0.0
I3309,비철금속,2018,30863.0,4590.0,5.0,34.6,588.9,16.715482303013662,1,16.715482303013662
I3309,비철금속,2019,31182.0,4217.0,0.0,30.9,666.6,16.715482303013662,1,16.715482303013662
I3310,주조,2015,3760.0,874.0,3.0,84.6,199.5,21.96982259962683,0,0.0
I3310,주조,2016,3949.0,826.0,0.0,73.3,230.5,21.96982259962683,0,0.0
I3310,주조,2017,4052.0,878.0,0.0,68.7,222.9,21.96982259962683,0,0.0
I3310,주조,2018,4154.0,874.0,0.0,66.8,185.9,21.96982259962683,1,21.96982259962683
I3310,주조,2019,4252.0,916.0,0.0,66.2,213.4,21.96982259962683,1,21.96982259962683
I3311,조립금속,2015,31989.0,4825.0,0.0,55.0,450.9,14.57438560561769,0,0.0
I3311,조립금속,2016,34299.0,4988.0,0.0,52.2,438.6,14.57438560561769,0,0.0
I3311,조립금속,2017,37880.0,5337.0,3.0,52.8,355.0,14.57438560561769,0,0.0
I3311,조립금속,2018,39480.0,5618.0,0.0,53.4,259.6,14.57438560561769,1,14.57438560561769
I3311,조립금속,2019,42311.0,5603.0,0.0,50.1,292.9,14.57438560561769,1,14.57438560561769
I3312,조선,2015,60608.0,8709.0,10.0,267.5,-499.3,14.794239539774686,0,0.0
I3312,조선,2016,54122.0,8493.0,10.0,111.3,-141.1,14.794239539774686,0,0.0
I3312,조선,2017,45618.0,6344.0,173.0,73.1,62.8,14.794239539774686,0,0.0
I3312,조선,2018,45427.0,5809.0,6.0,73.4,52.5,14.794239539774686,1,14.794239539774686
I3312,조선,2019,59159.0,7347.0,0.0,62.2,3.2,14.794239539774686,1,14.794239539774686
I3401,음식료,2015,68281.0,8488.0,0.0,44.2,720.8,11.564789812318482,0,0.0
I3401,음식료,2016,73158.0,8574.0,7.0,42.0,791.5,11.564789812318482,0,0.0
I3401,음식료,2017,78992.0,8321.0,0.0,41.7,721.2,11.564789812318482,0,0.0
I3401,음식료,2018,84219.0,9169.0,0.0,41.0,668.3,11.564789812318482,1,11.564789812318482
I3401,음식료,2019,93361.0,9488.0,0.0,42.0,533.0,11.564789812318482,1,11.564789812318482
I3402,담배,2015,8475.0,75.0,0.0,1.2,28984.0,2.165605653213821,0,0.0
I3402,담배,2016,9747.0,213.0,0.0,3.3,30658.3,2.165605653213821,0,0.0
I3402,담배,2017,10010.0,343.0,0.0,4.8,10659.3,2.165605653213821,0,0.0
I3402,담배,2018,10589.0,1024.0,0.0,13.6,4642.9,2.165605653213821,1,2.165605653213821
I3402,담배,2019,10610.0,527.0,0.0,8.1,5129.9,2.165605653213821,1,2.165605653213821
I3403,섬유,2015,18607.0,2980.0,0.0,46.1,347.6,15.54505306249007,0,0.0
I3403,섬유,2016,19754.0,3048.0,7.0,44.5,419.0,15.54505306249007,0,0.0
I3403,섬유,2017,20588.0,3112.0,8.0,44.5,291.2,15.54505306249007,0,0.0
I3403,섬유,2018,24429.0,4006.0,0.0,49.5,296.1,15.54505306249007,1,15.54505306249007
I3403,섬유,2019,24558.0,4127.0,8.0,49.4,303.7,15.54505306249007,1,15.54505306249007
I3404,의류,2015,25050.0,4785.0,33.0,50.8,636.8,18.59386913233272,0,0.0
I3404,의류,2016,26244.0,4821.0,0.0,45.4,537.8,18.59386913233272,0,0.0
I3404,의류,2017,27346.0,4673.0,298.0,43.8,492.6,18.59386913233272,0,0.0
I3404,의류,2018,28148.0,5258.0,0.0,42.4,456.4,18.59386913233272,1,18.59386913233272
I3404,의류,2019,29216.0,4647.0,0.0,39.1,401.9,18.59386913233272,1,18.59386913233272
I3405,가죽신발,2015,6687.0,954.0,0.0,33.5,827.1,12.783860636004752,0,0.0
I3405,가죽신발,2016,7434.0,924.0,0.0,28.8,1267.9,12.783860636004752,0,0.0
I3405,가죽신발,2017,7610.0,887.0,0.0,26.8,1229.0,12.783860636004752,0,0.0
I3405,가죽신발,2018,7905.0,781.0,0.0,22.3,1197.8,12.783860636004752,1,12.783860636004752
I3405,가죽신발,2019,8443.0,770.0,0.0,19.6,1288.3,12.783860636004752,1,12.783860636004752
I3406,목재,2015,4400.0,776.0,0.0,58.8,375.2,17.698805779397997,0,0.0
I3406,목재,2016,4694.0,810.0,0.0,54.0,458.5,17.698805779397997,0,0.0
I3406,목재,2017,4922.0,896.0,0.0,57.0,374.1,17.698805779397997,0,0.0
I3406,목재,2018,5179.0,967.0,0.0,57.3,260.0,17.698805779397997,1,17.698805779397997
I3406,목재,2019,5404.0,935.0,0.0,64.4,129.8,17.698805779397997,1,17.698805779397997
I3407,제지,2015,15858.0,2339.0,0.0,52.0,327.3,14.397714771489253,0,0.0
I3407,제지,2016,16356.0,2213.0,0.0,46.7,527.1,14.397714771489253,0,0.0
I3407,제지,2017,17414.0,2597.0,0.0,51.3,335.7,14.397714771489253,0,0.0
I3407,제지,2018,18039.0,2498.0,15.0,46.7,566.6,14.397714771489253,1,14.397714771489253
I3407,제지,2019,19028.0,2241.0,10.0,42.3,533.7,14.397714771489253,1,14.397714771489253
I3408,인쇄,2015,2275.0,397.0,0.0,61.5,403.5,16.776873691464804,0,0.0
I3408,인쇄,2016,2447.0,414.0,0.0,59.0,490.2,16.776873691464804,0,0.0
I3408,인쇄,2017,2694.0,430.0,0.0,56.7,376.7,16.776873691464804,0,0.0
I3408,인쇄,2018,3027.0,459.0,0.0,60.3,286.7,16.776873691464804,1,16.776873691464804
I3408,인쇄,2019,3429.0,533.0,0.0,58.8,343.4,16.776873691464804,1,16.776873691464804
I3409,가구,2015,4432.0,433.0,2.0,31.2,946.7,9.22608055391143,0,0.0
I3409,가구,2016,4960.0,467.0,0.0,32.9,1012.3,9.22608055391143,0,0.0
I3409,가구,2017,5599.0,473.0,0.0,30.3,899.4,9.22608055391143,0,0.0
I3409,가구,2018,5966.0,523.0,0.0,31.7,660.6,9.22608055391143,1,9.22608055391143
I3409,가구,2019,6410.0,622.0,4.0,34.2,514.0,9.22608055391143,1,9.22608055391143
I3410,기타 제조업,2015,3756.0,512.0,0.0,34.5,812.7,12.86652613607596,0,0.0
I3410,기타 제조업,2016,4106.0,503.0,0.0,31.8,1079.1,12.86652613607596,0,0.0
I3410,기타 제조업,2017,4364.0,552.0,3.0,33.4,906.4,12.86652613607596,0,0.0
I3410,기타 제조업,2018,4792.0,625.0,1.0,30.4,803.5,12.86652613607596,1,12.86652613607596
I3410,기타 제조업,2019,5447.0,538.0,0.0,30.4,415.2,12.86652613607596,1,12.86652613607596
