업종코드,업종,연도,매출액,영업이익,당기순이익,영업이익률,이자보상비율
I3101,의약,1994,2569.0,395.0,55.0,15.4,276.3
I3101,의약,1995,3034.0,435.0,79.0,14.3,241.1
I3101,의약,1996,3409.0,460.0,99.0,13.5,233.7
I3101,의약,1997,3753.0,465.0,31.0,12.4,147.4
I3101,의약,1998,3782.0,460.0,-92.0,12.2,120.4
I3101,의약,1999,3864.0,457.0,-16.0,11.8,131.8
I3102,반도체,1994,2925.0,722.0,146.0,24.7,390.0
I3102,반도체,1995,4920.0,1605.0,878.0,32.6,638.5
I3102,반도체,1996,4447.0,727.0,218.0,16.3,248.8
I3102,반도체,1997,5199.0,758.0,-178.0,14.6,141.2
I3102,반도체,1998,6421.0,202.0,-154.0,3.2,17.2
I3102,반도체,1999,8573.0,909.0,377.0,10.6,77.6
I3103,디스플레이,1994,127.0,3.0,0.0,2.2,42.3
I3103,디스플레이,1995,146.0,12.0,3.0,8.2,155.8
I3103,디스플레이,1996,168.0,16.0,4.0,9.4,143.7
I3103,디스플레이,1997,224.0,27.0,3.0,12.0,177.7
I3103,디스플레이,1998,268.0,38.0,12.0,14.3,197.7
I3103,디스플레이,1999,2543.0,892.0,686.0,35.1,608.3
I3104,컴퓨터,1994,11.0,0.0,0.0,3.2,170.7
I3104,컴퓨터,1995,40.0,2.0,1.0,4.9,304.9
I3104,컴퓨터,1996,45.0,1.0,1.0,2.9,147.2
I3104,컴퓨터,1997,68.0,2.0,-0.0,2.4,108.6
I3104,컴퓨터,1998,68.0,2.0,-0.0,3.6,140.5
I3104,컴퓨터,1999,173.0,10.0,8.0,5.5,652.6
I3105,통신기기,1994,11954.0,2646.0,965.0,22.1,802.4
I3105,통신기기,1995,16774.0,4335.0,2529.0,25.8,1094.5
I3105,통신기기,1996,16641.0,1527.0,207.0,9.2,353.2
I3105,통신기기,1997,19616.0,2998.0,200.0,15.3,374.2
I3105,통신기기,1998,21280.0,3216.0,352.0,15.1,272.3
I3105,통신기기,1999,27742.0,4607.0,3296.0,16.6,597.5
I3106,가전,1994,2145.0,127.0,50.0,5.9,240.3
I3106,가전,1995,2519.0,118.0,41.0,4.7,184.6
I3106,가전,1996,2614.0,129.0,27.0,4.9,161.3
I3106,가전,1997,2941.0,105.0,-133.0,3.6,51.9
I3106,가전,1998,2800.0,51.0,-509.0,1.8,17.7
I3106,가전,1999,3384.0,139.0,-110.0,4.1,51.7
I3107,정밀기기,1994,650.0,65.0,34.0,10.1,270.0
I3107,정밀기기,1995,931.0,99.0,60.0,10.7,300.5
I3107,정밀기기,1996,1191.0,125.0,78.0,10.5,313.4
I3107,정밀기기,1997,1383.0,128.0,76.0,9.3,238.0
I3107,정밀기기,1998,1265.0,110.0,47.0,8.7,127.5
I3107,정밀기기,1999,1620.0,97.0,124.0,6.0,157.7
I3108,전지,1994,1749.0,127.0,93.0,7.3,215.6
I3108,전지,1995,2469.0,182.0,118.0,7.4,219.5
I3108,전지,1996,3061.0,256.0,176.0,8.4,243.7
I3108,전지,1997,3279.0,253.0,125.0,7.7,198.4
I3108,전지,1998,4058.0,573.0,184.0,14.1,205.2
I3108,전지,1999,4401.0,650.0,230.0,14.8,326.5
I3109,항공,1994,811.0,73.0,7.0,9.0,135.9
I3109,항공,1995,1161.0,111.0,8.0,9.5,147.2
I3109,항공,1996,1316.0,79.0,-65.0,6.0,80.6
I3109,항공,1997,1586.0,182.0,7.0,11.5,121.9
I3109,항공,1998,1811.0,174.0,18.0,9.6,72.7
I3109,항공,1999,1736.0,208.0,-171.0,12.0,105.7
I3201,석유화학,1994,7858.0,773.0,98.0,9.8,140.6
I3201,석유화학,1995,9738.0,1185.0,461.0,12.2,204.4
I3201,석유화학,1996,10839.0,941.0,231.0,8.7,162.1
I3201,석유화학,1997,12916.0,1264.0,194.0,9.8,146.7
I3201,석유화학,1998,14423.0,1549.0,278.0,10.7,118.3
I3201,석유화학,1999,15692.0,1463.0,514.0,9.3,131.4
I3202,정밀화학,1994,4578.0,462.0,150.0,10.1,233.5
I3202,정밀화학,1995,6374.0,553.0,152.0,8.7,209.3
I3202,정밀화학,1996,7383.0,640.0,170.0,8.7,206.5
I3202,정밀화학,1997,8574.0,758.0,114.0,8.8,151.3
I3202,정밀화학,1998,9016.0,909.0,46.0,10.1,118.4
I3202,정밀화학,1999,10035.0,873.0,319.0,8.7,136.6
I3203,기타 전자부품,1994,2418.0,170.0,54.0,7.0,202.4
I3203,기타 전자부품,1995,3296.0,240.0,93.0,7.3,237.7
I3203,기타 전자부품,1996,3859.0,226.0,90.0,5.9,173.9
I3203,기타 전자부품,1997,4691.0,330.0,124.0,7.0,188.0
I3203,기타 전자부품,1998,5929.0,407.0,191.0,6.9,129.6
I3203,기타 전자부품,1999,7852.0,477.0,124.0,6.1,186.9
I3204,전기기기,1994,2813.0,166.0,91.0,5.9,217.9
I3204,전기기기,1995,4176.0,236.0,110.0,5.7,194.7
I3204,전기기기,1996,5046.0,387.0,105.0,7.7,189.4
I3204,전기기기,1997,5646.0,406.0,82.0,7.2,125.1
I3204,전기기기,1998,5227.0,296.0,-32.0,5.7,68.0
I3204,전기기기,1999,6420.0,-723.0,-426.0,-11.3,-144.2
I3205,일반목적기계,1994,3978.0,433.0,271.0,10.9,373.3
I3205,일반목적기계,1995,5599.0,447.0,292.0,8.0,283.1
I3205,일반목적기계,1996,6917.0,491.0,289.0,7.1,266.3
I3205,일반목적기계,1997,7416.0,542.0,127.0,7.3,229.9
I3205,일반목적기계,1998,6179.0,270.0,118.0,4.4,82.8
I3205,일반목적기계,1999,7063.0,441.0,307.0,6.2,172.5
I3206,특수목적기계,1994,1796.0,126.0,46.0,7.0,175.8
I3206,특수목적기계,1995,2318.0,169.0,72.0,7.3,181.2
I3206,특수목적기계,1996,2676.0,190.0,64.0,7.1,176.5
I3206,특수목적기계,1997,3066.0,172.0,-87.0,5.6,110.2
I3206,특수목적기계,1998,2691.0,96.0,-132.0,3.6,45.3
I3206,특수목적기계,1999,3835.0,236.0,266.0,6.2,154.7
I3207,자동차,1994,23595.0,1110.0,188.0,4.7,128.3
I3207,자동차,1995,28329.0,1376.0,205.0,4.9,129.1
I3207,자동차,1996,32963.0,1764.0,-21.0,5.4,134.2
I3207,자동차,1997,34122.0,1598.0,-937.0,4.7,78.6
I3207,자동차,1998,26632.0,-1603.0,-8292.0,-6.0,-53.8
I3207,자동차,1999,40157.0,1072.0,-298.0,2.7,53.4
I3208,철도,1994,26.0,3.0,1.0,9.9,446.3
I3208,철도,1995,30.0,1.0,0.0,3.3,130.6
I3208,철도,1996,49.0,3.0,1.0,5.2,203.0
I3208,철도,1997,58.0,2.0,1.0,3.7,173.5
I3208,철도,1998,60.0,2.0,1.0,2.5,102.1
I3208,철도,1999,566.0,-3.0,-15.0,-0.6,-26.6
I3209,기타 수송장비,1994,91.0,1.0,-1.0,0.8,46.5
I3209,기타 수송장비,1995,81.0,-5.0,-6.0,-6.8,-327.9
I3209,기타 수송장비,1996,177.0,15.0,3.0,8.3,187.0
I3209,기타 수송장비,1997,190.0,6.0,-53.0,3.0,26.7
I3209,기타 수송장비,1998,114.0,-6.0,-26.0,-5.4,-25.0
I3209,기타 수송장비,1999,142.0,-5.0,-48.0,-3.5,-24.8
I3301,석유정제,1994,7197.0,299.0,152.0,4.2,126.7
I3301,석유정제,1995,9396.0,408.0,242.0,4.3,130.7
I3301,석유정제,1996,12857.0,753.0,160.0,5.9,171.2
I3301,석유정제,1997,16033.0,2591.0,135.0,16.2,412.2
I3301,석유정제,1998,17919.0,1436.0,717.0,8.0,160.2
I3301,석유정제,1999,18128.0,977.0,565.0,5.4,141.3
I3302,고무,1994,689.0,12.0,-24.0,1.7,22.3
I3302,고무,1995,816.0,16.0,-28.0,1.9,25.2
I3302,고무,1996,954.0,29.0,-44.0,3.1,39.6
I3302,고무,1997,1096.0,66.0,-25.0,6.0,69.2
I3302,고무,1998,1177.0,109.0,127.0,9.2,192.4
I3302,고무,1999,1345.0,122.0,184.0,9.1,345.4
I3303,플라스틱,1994,1271.0,66.0,15.0,5.2,139.9
I3303,플라스틱,1995,1679.0,97.0,45.0,5.8,149.9
I3303,플라스틱,1996,1854.0,123.0,50.0,6.6,177.5
I3303,플라스틱,1997,2294.0,155.0,64.0,6.7,158.3
I3303,플라스틱,1998,2470.0,218.0,106.0,8.8,167.6
I3303,플라스틱,1999,3122.0,247.0,196.0,7.9,272.2
I3304,유리,1994,432.0,48.0,13.0,11.1,198.8
I3304,유리,1995,529.0,62.0,25.0,11.7,206.5
I3304,유리,1996,629.0,58.0,8.0,9.3,156.6
I3304,유리,1997,619.0,-8.0,-97.0,-1.2,-11.2
I3304,유리,1998,918.0,111.0,-12.0,12.1,98.3
I3304,유리,1999,1192.0,225.0,126.0,18.9,360.1
I3305,세라믹,1994,361.0,32.0,9.0,8.8,149.0
I3305,세라믹,1995,415.0,33.0,6.0,8.0,129.7
I3305,세라믹,1996,477.0,32.0,3.0,6.8,102.9
I3305,세라믹,1997,528.0,39.0,-5.0,7.4,90.9
I3305,세라믹,1998,530.0,42.0,13.0,7.9,78.2
I3305,세라믹,1999,567.0,69.0,28.0,12.1,258.6
I3306,시멘트,1994,3624.0,292.0,73.0,8.1,143.1
I3306,시멘트,1995,4235.0,334.0,72.0,7.9,146.6
I3306,시멘트,1996,4802.0,376.0,43.0,7.8,129.3
I3306,시멘트,1997,5435.0,519.0,71.0,9.5,109.4
I3306,시멘트,1998,4365.0,313.0,-1316.0,7.2,38.1
I3306,시멘트,1999,5409.0,503.0,40.0,9.3,43.0
I3307,기타비금속,1994,418.0,33.0,10.0,7.9,170.0
I3307,기타비금속,1995,451.0,22.0,10.0,4.9,111.9
I3307,기타비금속,1996,485.0,28.0,9.0,5.8,125.8
I3307,기타비금속,1997,541.0,36.0,-4.0,6.6,92.9
I3307,기타비금속,1998,497.0,3.0,-22.0,0.7,6.7
I3307,기타비금속,1999,591.0,46.0,19.0,7.9,163.1
I3308,철강,1994,15481.0,1286.0,413.0,8.3,234.4
I3308,철강,1995,18266.0,1920.0,917.0,10.5,298.9
I3308,철강,1996,19172.0,1769.0,569.0,9.2,259.8
I3308,철강,1997,21205.0,2206.0,67.0,10.4,172.7
I3308,철강,1998,22893.0,2181.0,374.0,9.5,146.1
I3308,철강,1999,23945.0,2588.0,2774.0,10.8,219.7
I3309,비철금속,1994,1691.0,96.0,53.0,5.7,149.6
I3309,비철금속,1995,2152.0,120.0,90.0,5.6,145.8
I3309,비철금속,1996,2456.0,117.0,31.0,4.7,120.5
I3309,비철금속,1997,3089.0,199.0,-27.0,6.4,138.3
I3309,비철금속,1998,3396.0,140.0,-69.0,4.1,69.1
I3309,비철금속,1999,4574.0,143.0,184.0,3.1,92.6
I3310,주조,1994,275.0,19.0,6.0,6.7,167.2
I3310,주조,1995,419.0,25.0,8.0,6.0,144.6
I3310,주조,1996,491.0,34.0,8.0,6.9,169.0
I3310,주조,1997,582.0,34.0,4.0,5.8,100.7
I3310,주조,1998,639.0,34.0,-3.0,5.3,79.7
I3310,주조,1999,692.0,45.0,31.0,6.5,147.9
I3311,조립금속,1994,2003.0,160.0,52.0,8.0,150.4
I3311,조립금속,1995,2631.0,190.0,67.0,7.2,143.8
I3311,조립금속,1996,3042.0,180.0,17.0,5.9,107.8
I3311,조립금속,1997,3490.0,163.0,-73.0,4.7,75.2
I3311,조립금속,1998,3679.0,216.0,26.0,5.9,100.7
I3311,조립금속,1999,4487.0,276.0,156.0,6.2,171.2
I3312,조선,1994,2925.0,139.0,-8.0,4.8,74.6
I3312,조선,1995,3609.0,250.0,51.0,6.9,101.5
I3312,조선,1996,5242.0,209.0,-372.0,4.0,37.7
I3312,조선,1997,6192.0,432.0,-675.0,7.0,54.6
I3312,조선,1998,6187.0,436.0,-292.0,7.0,62.0
I3312,조선,1999,5372.0,699.0,18.0,13.0,140.2
I3401,음식료,1994,8941.0,521.0,118.0,5.8,152.5
I3401,음식료,1995,10098.0,469.0,48.0,4.6,106.2
I3401,음식료,1996,11547.0,554.0,38.0,4.8,112.9
I3401,음식료,1997,12973.0,790.0,-62.0,6.1,117.3
I3401,음식료,1998,15103.0,841.0,54.0,5.6,78.5
I3401,음식료,1999,16437.0,1285.0,685.0,7.8,160.2
I3402,담배,1994,3223.0,205.0,210.0,6.4,104013.8
I3402,담배,1995,3415.0,255.0,209.0,7.5,42448.4
I3402,담배,1996,4090.0,237.0,243.0,5.8,24043.5
I3402,담배,1997,1690.0,217.0,228.0,12.8,17480.1
I3402,담배,1998,1799.0,263.0,310.0,14.6,3744.8
I3402,담배,1999,1596.0,267.0,319.0,16.7,50239.3
I3403,섬유,1994,3315.0,295.0,123.0,8.9,263.6
I3403,섬유,1995,3926.0,127.0,14.0,3.2,87.7
I3403,섬유,1996,4134.0,-172.0,-368.0,-4.2,-104.6
I3403,섬유,1997,4869.0,137.0,-252.0,2.8,51.9
I3403,섬유,1998,5463.0,406.0,58.0,7.4,163.7
I3403,섬유,1999,5936.0,387.0,253.0,6.5,175.2
I3404,의류,1994,2017.0,168.0,87.0,8.3,390.7
I3404,의류,1995,2761.0,219.0,100.0,7.9,355.2
I3404,의류,1996,3334.0,261.0,131.0,7.8,328.7
I3404,의류,1997,4018.0,195.0,9.0,4.8,121.8
I3404,의류,1998,3601.0,123.0,-943.0,3.4,52.6
I3404,의류,1999,4765.0,294.0,-172.0,6.2,203.1
I3405,가죽신발,1994,1097.0,50.0,26.0,4.6,214.2
I3405,가죽신발,1995,1337.0,56.0,27.0,4.2,201.7
I3405,가죽신발,1996,1552.0,65.0,22.0,4.2,169.1
I3405,가죽신발,1997,1761.0,93.0,1.0,5.3,145.2
I3405,가죽신발,1998,1777.0,128.0,71.0,7.2,145.3
I3405,가죽신발,1999,1972.0,124.0,45.0,6.3,147.8
I3406,목재,1994,733.0,41.0,15.0,5.6,146.3
I3406,목재,1995,823.0,50.0,10.0,6.1,108.2
I3406,목재,1996,898.0,49.0,-22.0,5.4,71.1
I3406,목재,1997,1015.0,97.0,-5.0,9.6,111.6
I3406,목재,1998,811.0,30.0,-55.0,3.6,27.7
I3406,목재,1999,979.0,96.0,43.0,9.8,131.4
I3407,제지,1994,2530.0,229.0,22.0,9.0,135.4
I3407,제지,1995,3364.0,376.0,119.0,11.2,190.2
I3407,제지,1996,3441.0,280.0,8.0,8.1,129.7
I3407,제지,1997,3732.0,258.0,-114.0,6.9,81.0
I3407,제지,1998,4270.0,244.0,-346.0,5.7,54.5
I3407,제지,1999,4664.0,358.0,95.0,7.7,117.2
I3408,인쇄,1994,146.0,12.0,6.0,8.0,238.4
I3408,인쇄,1995,195.0,9.0,3.0,4.8,139.5
I3408,인쇄,1996,232.0,13.0,3.0,5.4,161.9
I3408,인쇄,1997,270.0,14.0,2.0,5.2,125.3
I3408,인쇄,1998,306.0,20.0,3.0,6.4,120.4
I3408,인쇄,1999,463.0,47.0,33.0,10.0,364.7
I3409,가구,1994,687.0,60.0,-49.0,8.7,277.2
I3409,가구,1995,859.0,70.0,25.0,8.2,262.1
I3409,가구,1996,971.0,67.0,11.0,6.9,209.7
I3409,가구,1997,1036.0,65.0,-46.0,6.3,173.5
I3409,가구,1998,853.0,62.0,-3.0,7.2,127.3
I3409,가구,1999,1268.0,67.0,42.0,5.3,153.2
I3410,기타 제조업,1994,689.0,40.0,16.0,5.8,103.9
I3410,기타 제조업,1995,783.0,43.0,-1.0,5.5,89.4
I3410,기타 제조업,1996,807.0,20.0,-135.0,2.4,33.9
I3410,기타 제조업,1997,839.0,44.0,21.0,5.3,78.0
I3410,기타 제조업,1998,871.0,37.0,-70.0,4.3,60.7
I3410,기타 제조업,1999,949.0,48.0,-34.0,5.0,91.1
I3101,의약,2000,4298.0,466.0,129.0,10.8,181.2
I3101,의약,2001,4858.0,619.0,395.0,12.7,276.9
I3101,의약,2002,5311.0,579.0,201.0,10.9,379.6
I3101,의약,2003,5731.0,656.0,328.0,11.5,504.9
I3101,의약,2004,6341.0,691.0,394.0,10.9,602.9
I3101,의약,2005,7265.0,844.0,499.0,11.6,808.2
I3101,의약,2006,7991.0,853.0,491.0,10.7,724.2
I3101,의약,2007,9046.0,1021.0,602.0,11.3,757.8
I3101,의약,2008,10641.0,1259.0,816.0,11.8,726.9
I3101,의약,2009,12103.0,1366.0,906.0,11.3,715.9
I3102,반도체,2000,12761.0,1973.0,-2390.0,15.5,147.2
I3102,반도체,2001,7470.0,-1250.0,-5316.0,-16.7,-110.0
I3102,반도체,2002,6791.0,-683.0,-1922.0,-10.1,-116.0
I3102,반도체,2003,7843.0,-90.0,-1774.0,-1.1,-23.6
I3102,반도체,2004,11373.0,2235.0,2051.0,19.7,676.9
I3102,반도체,2005,11653.0,1841.0,2062.0,15.8,606.3
I3102,반도체,2006,14241.0,2427.0,2500.0,17.0,766.8
I3102,반도체,2007,16135.0,851.0,737.0,5.3,218.3
I3102,반도체,2008,14809.0,-1769.0,-4898.0,-11.9,-295.8
I3102,반도체,2009,15797.0,303.0,-75.0,1.9,46.6
I3103,디스플레이,2000,2746.0,726.0,527.0,26.4,1993.4
I3103,디스플레이,2001,2850.0,-248.0,-325.0,-8.7,-310.3
I3103,디스플레이,2002,4192.0,348.0,333.0,8.3,519.9
I3103,디스플레이,2003,7799.0,1276.0,1128.0,16.4,1195.9
I3103,디스플레이,2004,9601.0,1768.0,1708.0,18.4,2595.3
I3103,디스플레이,2005,11216.0,491.0,553.0,4.4,348.4
I3103,디스플레이,2006,12988.0,-1018.0,-879.0,-7.8,-461.1
I3103,디스플레이,2007,17086.0,1480.0,1476.0,8.7,612.3
I3103,디스플레이,2008,18711.0,1639.0,1127.0,8.8,1111.8
I3103,디스플레이,2009,23624.0,1078.0,1167.0,4.6,721.0
I3104,컴퓨터,2000,317.0,12.0,10.0,3.8,868.7
I3104,컴퓨터,2001,313.0,13.0,11.0,4.3,900.0
I3104,컴퓨터,2002,487.0,30.0,23.0,6.2,1457.0
I3104,컴퓨터,2003,594.0,30.0,21.0,5.1,644.5
I3104,컴퓨터,2004,765.0,34.0,26.0,4.4,666.7
I3104,컴퓨터,2005,893.0,32.0,25.0,3.6,629.9
I3104,컴퓨터,2006,947.0,44.0,37.0,4.7,733.2
I3104,컴퓨터,2007,924.0,45.0,33.0,4.8,727.8
I3104,컴퓨터,2008,858.0,36.0,-11.0,4.1,446.5
I3104,컴퓨터,2009,907.0,48.0,47.0,5.2,466.1
I3105,통신기기,2000,36808.0,7639.0,6085.0,20.8,1911.2
I3105,통신기기,2001,35052.0,2393.0,2847.0,6.8,796.5
I3105,통신기기,2002,56815.0,8215.0,7299.0,14.5,2403.4
I3105,통신기기,2003,67227.0,8433.0,6607.0,12.5,2347.8
I3105,통신기기,2004,86541.0,13525.0,12586.0,15.6,4337.5
I3105,통신기기,2005,85933.0,9222.0,8534.0,10.7,3144.3
I3105,통신기기,2006,87491.0,7728.0,8338.0,8.8,2864.4
I3105,통신기기,2007,92929.0,6800.0,8909.0,7.3,2761.4
I3105,통신기기,2008,107294.0,5722.0,5931.0,5.3,2305.8
I3105,통신기기,2009,127377.0,8311.0,11951.0,6.5,2445.6
I3106,가전,2000,4863.0,242.0,876.0,5.0,233.4
I3106,가전,2001,5661.0,337.0,209.0,6.0,344.5
I3106,가전,2002,6170.0,398.0,292.0,6.5,438.6
I3106,가전,2003,5889.0,317.0,213.0,5.4,380.8
I3106,가전,2004,6275.0,261.0,160.0,4.2,331.3
I3106,가전,2005,5960.0,283.0,219.0,4.8,387.3
I3106,가전,2006,6301.0,349.0,509.0,5.5,443.8
I3106,가전,2007,6253.0,229.0,252.0,3.7,353.6
I3106,가전,2008,6755.0,207.0,-44.0,3.1,268.5
I3106,가전,2009,7919.0,363.0,278.0,4.6,472.8
I3107,정밀기기,2000,2057.0,173.0,14.0,8.4,276.9
I3107,정밀기기,2001,2031.0,90.0,-111.0,4.4,145.1
I3107,정밀기기,2002,2233.0,129.0,-80.0,5.8,327.5
I3107,정밀기기,2003,2671.0,235.0,134.0,8.8,541.5
I3107,정밀기기,2004,3522.0,374.0,280.0,10.6,774.4
I3107,정밀기기,2005,4019.0,407.0,352.0,10.1,925.0
I3107,정밀기기,2006,4578.0,435.0,319.0,9.5,875.6
I3107,정밀기기,2007,4714.0,421.0,316.0,8.9,611.6
I3107,정밀기기,2008,5535.0,500.0,208.0,9.0,508.6
I3107,정밀기기,2009,5668.0,532.0,353.0,9.4,486.8
I3108,전지,2000,4969.0,633.0,583.0,12.7,773.1
I3108,전지,2001,4945.0,570.0,590.0,11.5,1276.0
I3108,전지,2002,5564.0,556.0,640.0,10.0,1782.4
I3108,전지,2003,5892.0,535.0,682.0,9.1,2253.3
I3108,전지,2004,7431.0,496.0,783.0,6.7,4293.9
I3108,전지,2005,7135.0,159.0,292.0,2.2,796.0
I3108,전지,2006,6374.0,40.0,107.0,0.6,349.1
I3108,전지,2007,4463.0,-440.0,-576.0,-9.9,-2464.0
I3108,전지,2008,6151.0,388.0,272.0,6.3,1183.4
I3108,전지,2009,6055.0,362.0,455.0,6.0,1006.8
I3109,항공,2000,2152.0,225.0,-143.0,10.4,94.3
I3109,항공,2001,2233.0,167.0,-141.0,7.5,100.0
I3109,항공,2002,2433.0,145.0,58.0,6.0,107.2
I3109,항공,2003,2595.0,141.0,57.0,5.4,136.4
I3109,항공,2004,2708.0,80.0,37.0,3.0,113.3
I3109,항공,2005,3144.0,163.0,92.0,5.2,253.6
I3109,항공,2006,3691.0,131.0,55.0,3.5,122.7
I3109,항공,2007,2930.0,115.0,218.0,3.9,346.2
I3109,항공,2008,3451.0,243.0,107.0,7.0,922.8
I3109,항공,2009,3979.0,282.0,281.0,7.1,690.3
I3201,석유화학,2000,18961.0,1441.0,298.0,7.6,149.6
I3201,석유화학,2001,24469.0,1345.0,-131.0,5.5,144.8
I3201,석유화학,2002,26578.0,2055.0,1226.0,7.7,280.1
I3201,석유화학,2003,30381.0,2290.0,1608.0,7.5,380.0
I3201,석유화학,2004,38880.0,3854.0,3744.0,9.9,732.8
I3201,석유화학,2005,41268.0,3396.0,3289.0,8.2,742.9
I3201,석유화학,2006,44833.0,2792.0,2702.0,6.2,619.6
I3201,석유화학,2007,49862.0,3755.0,3669.0,7.5,757.4
I3201,석유화학,2008,65015.0,4385.0,2091.0,6.7,661.8
I3201,석유화학,2009,66891.0,7195.0,5805.0,10.8,1026.2
I3202,정밀화학,2000,12477.0,814.0,132.0,6.5,144.3
I3202,정밀화학,2001,15315.0,1119.0,-33.0,7.3,197.3
I3202,정밀화학,2002,16370.0,1258.0,492.0,7.7,265.3
I3202,정밀화학,2003,16934.0,1280.0,871.0,7.6,327.8
I3202,정밀화학,2004,19007.0,1224.0,1173.0,6.4,334.9
I3202,정밀화학,2005,20074.0,1424.0,1280.0,7.1,421.8
I3202,정밀화학,2006,21017.0,1435.0,1238.0,6.8,388.8
I3202,정밀화학,2007,23758.0,1613.0,1391.0,6.8,391.8
I3202,정밀화학,2008,29506.0,2153.0,1340.0,7.3,382.2
I3202,정밀화학,2009,31236.0,2502.0,1715.0,8.0,426.0
I3203,기타 전자부품,2000,10682.0,766.0,736.0,7.2,326.6
I3203,기타 전자부품,2001,9945.0,394.0,403.0,4.0,177.2
I3203,기타 전자부품,2002,11176.0,608.0,526.0,5.4,355.3
I3203,기타 전자부품,2003,11623.0,563.0,185.0,4.8,392.4
I3203,기타 전자부품,2004,13395.0,726.0,686.0,5.4,553.3
I3203,기타 전자부품,2005,13994.0,574.0,490.0,4.1,410.8
I3203,기타 전자부품,2006,15891.0,571.0,554.0,3.6,353.5
I3203,기타 전자부품,2007,17396.0,625.0,584.0,3.6,325.4
I3203,기타 전자부품,2008,20185.0,872.0,523.0,4.3,364.9
I3203,기타 전자부품,2009,23514.0,1312.0,1205.0,5.6,503.8
I3204,전기기기,2000,6127.0,417.0,314.0,6.8,112.7
I3204,전기기기,2001,6600.0,493.0,276.0,7.5,223.6
I3204,전기기기,2002,7314.0,567.0,277.0,7.7,325.5
I3204,전기기기,2003,8084.0,573.0,246.0,7.1,347.6
I3204,전기기기,2004,9982.0,671.0,417.0,6.7,419.9
I3204,전기기기,2005,10926.0,631.0,578.0,5.8,457.2
I3204,전기기기,2006,13074.0,736.0,589.0,5.6,516.2
I3204,전기기기,2007,14242.0,769.0,653.0,5.4,463.1
I3204,전기기기,2008,18921.0,1092.0,256.0,5.8,326.8
I3204,전기기기,2009,20777.0,1274.0,703.0,6.1,288.8
I3205,일반목적기계,2000,9695.0,591.0,248.0,6.1,236.2
I3205,일반목적기계,2001,10782.0,662.0,436.0,6.1,317.2
I3205,일반목적기계,2002,12094.0,780.0,511.0,6.5,490.8
I3205,일반목적기계,2003,12704.0,723.0,512.0,5.7,568.1
I3205,일반목적기계,2004,15498.0,854.0,783.0,5.5,592.5
I3205,일반목적기계,2005,17886.0,972.0,789.0,5.4,471.3
I3205,일반목적기계,2006,20216.0,1221.0,873.0,6.0,488.3
I3205,일반목적기계,2007,23687.0,1697.0,1575.0,7.2,595.1
I3205,일반목적기계,2008,29841.0,2481.0,177.0,8.3,628.5
I3205,일반목적기계,2009,30629.0,2389.0,413.0,7.8,458.3
I3206,특수목적기계,2000,5292.0,314.0,134.0,5.9,180.3
I3206,특수목적기계,2001,6469.0,387.0,268.0,6.0,167.5
I3206,특수목적기계,2002,7502.0,386.0,180.0,5.1,203.4
I3206,특수목적기계,2003,9587.0,649.0,457.0,6.8,388.0
I3206,특수목적기계,2004,13356.0,1120.0,820.0,8.4,720.2
I3206,특수목적기계,2005,14493.0,1036.0,848.0,7.1,670.5
I3206,특수목적기계,2006,16476.0,1249.0,951.0,7.6,753.9
I3206,특수목적기계,2007,18222.0,1298.0,996.0,7.1,606.4
I3206,특수목적기계,2008,21431.0,1573.0,364.0,7.3,479.8
I3206,특수목적기계,2009,18613.0,1321.0,199.0,7.1,300.3
I3207,자동차,2000,52183.0,2385.0,897.0,4.6,140.4
I3207,자동차,2001,62213.0,3998.0,2506.0,6.4,259.3
I3207,자동차,2002,69930.0,4171.0,3457.0,6.0,375.3
I3207,자동차,2003,78792.0,5201.0,4561.0,6.6,618.3
I3207,자동차,2004,92323.0,4424.0,4090.0,4.8,527.1
I3207,자동차,2005,102667.0,3935.0,5330.0,3.8,472.9
I3207,자동차,2006,111448.0,4165.0,4253.0,3.7,441.9
I3207,자동차,2007,121452.0,5293.0,4629.0,4.4,500.8
I3207,자동차,2008,125262.0,5080.0,2017.0,4.1,394.6
I3207,자동차,2009,122229.0,6104.0,6682.0,5.0,404.5
I3208,철도,2000,435.0,-66.0,-77.0,-15.2,-295.7
I3208,철도,2001,695.0,37.0,9.0,5.3,174.3
I3208,철도,2002,1213.0,91.0,74.0,7.5,253.4
I3208,철도,2003,1240.0,150.0,77.0,12.1,380.2
I3208,철도,2004,1111.0,-46.0,-50.0,-4.2,-102.4
I3208,철도,2005,1444.0,76.0,35.0,5.3,191.1
I3208,철도,2006,1722.0,79.0,68.0,4.6,236.8
I3208,철도,2007,1927.0,96.0,39.0,5.0,322.5
I3208,철도,2008,2531.0,210.0,58.0,8.3,360.7
I3208,철도,2009,3013.0,250.0,76.0,8.3,369.5
I3209,기타 수송장비,2000,186.0,-12.0,-55.0,-6.3,-58.6
I3209,기타 수송장비,2001,186.0,14.0,-15.0,7.3,64.8
I3209,기타 수송장비,2002,201.0,11.0,76.0,5.4,113.8
I3209,기타 수송장비,2003,195.0,4.0,12.0,2.3,43.3
I3209,기타 수송장비,2004,213.0,-3.0,-11.0,-1.6,-86.0
I3209,기타 수송장비,2005,229.0,9.0,10.0,3.9,207.7
I3209,기타 수송장비,2006,227.0,-1.0,-1.0,-0.6,-25.8
I3209,기타 수송장비,2007,260.0,5.0,20.0,1.9,85.5
I3209,기타 수송장비,2008,288.0,15.0,-8.0,5.1,233.6
I3209,기타 수송장비,2009,304.0,11.0,2.0,3.5,136.2
I3301,석유정제,2000,26200.0,1078.0,-64.0,4.1,173.7
I3301,석유정제,2001,26011.0,725.0,-87.0,2.8,157.4
I3301,석유정제,2002,24308.0,672.0,672.0,2.8,220.1
I3301,석유정제,2003,25213.0,1213.0,747.0,4.8,434.7
I3301,석유정제,2004,31848.0,2697.0,2242.0,8.5,1013.4
I3301,석유정제,2005,37502.0,2169.0,1714.0,5.8,789.8
I3301,석유정제,2006,44092.0,1766.0,1504.0,4.0,500.4
I3301,석유정제,2007,62344.0,3216.0,1994.0,5.2,608.8
I3301,석유정제,2008,119938.0,4154.0,885.0,3.5,387.6
I3301,석유정제,2009,92624.0,2371.0,2016.0,2.6,233.0
I3302,고무,2000,1400.0,104.0,73.0,7.4,361.5
I3302,고무,2001,1526.0,113.0,79.0,7.4,431.5
I3302,고무,2002,1813.0,127.0,98.0,7.0,463.0
I3302,고무,2003,2664.0,196.0,140.0,7.4,396.9
I3302,고무,2004,3939.0,283.0,221.0,7.2,380.7
I3302,고무,2005,4360.0,291.0,187.0,6.7,411.2
I3302,고무,2006,4644.0,193.0,85.0,4.1,235.9
I3302,고무,2007,5066.0,286.0,93.0,5.6,274.8
I3302,고무,2008,5823.0,194.0,-188.0,3.3,152.0
I3302,고무,2009,5485.0,76.0,-517.0,1.4,45.1
I3303,플라스틱,2000,4522.0,334.0,203.0,7.4,301.9
I3303,플라스틱,2001,4854.0,299.0,148.0,6.2,286.6
I3303,플라스틱,2002,5446.0,364.0,245.0,6.7,408.1
I3303,플라스틱,2003,6307.0,434.0,364.0,6.9,509.5
I3303,플라스틱,2004,7368.0,437.0,335.0,5.9,480.9
I3303,플라스틱,2005,8689.0,454.0,362.0,5.2,432.6
I3303,플라스틱,2006,9722.0,486.0,333.0,5.0,378.0
I3303,플라스틱,2007,10871.0,522.0,412.0,4.8,329.6
I3303,플라스틱,2008,13122.0,746.0,183.0,5.7,356.5
I3303,플라스틱,2009,15656.0,990.0,729.0,6.3,438.7
I3304,유리,2000,1683.0,441.0,324.0,26.2,1080.9
I3304,유리,2001,1775.0,399.0,292.0,22.5,1897.7
I3304,유리,2002,2129.0,462.0,367.0,21.7,2664.9
I3304,유리,2003,2437.0,551.0,430.0,22.6,2694.4
I3304,유리,2004,3575.0,942.0,760.0,26.4,4629.3
I3304,유리,2005,4198.0,1067.0,841.0,25.4,4965.3
I3304,유리,2006,4665.0,1116.0,929.0,23.9,5020.5
I3304,유리,2007,5421.0,1234.0,897.0,22.8,4032.2
I3304,유리,2008,7914.0,2385.0,1751.0,30.1,6517.5
I3304,유리,2009,10436.0,3633.0,2729.0,34.8,8231.0
I3305,세라믹,2000,631.0,74.0,31.0,11.8,302.3
I3305,세라믹,2001,688.0,65.0,-9.0,9.4,288.4
I3305,세라믹,2002,746.0,100.0,63.0,13.4,623.4
I3305,세라믹,2003,728.0,83.0,54.0,11.4,585.9
I3305,세라믹,2004,888.0,81.0,72.0,9.2,527.5
I3305,세라믹,2005,918.0,68.0,53.0,7.5,456.7
I3305,세라믹,2006,985.0,64.0,65.0,6.5,392.5
I3305,세라믹,2007,1028.0,55.0,52.0,5.4,312.7
I3305,세라믹,2008,1196.0,44.0,30.0,3.7,173.7
I3305,세라믹,2009,1308.0,54.0,48.0,4.1,191.7
I3306,시멘트,2000,6445.0,519.0,-1087.0,8.0,48.1
I3306,시멘트,2001,6882.0,748.0,-452.0,10.9,80.9
I3306,시멘트,2002,6842.0,900.0,490.0,13.2,166.9
I3306,시멘트,2003,7062.0,1089.0,740.0,15.4,321.8
I3306,시멘트,2004,6641.0,600.0,381.0,9.0,228.0
I3306,시멘트,2005,6116.0,205.0,60.0,3.3,86.3
I3306,시멘트,2006,6591.0,120.0,145.0,1.8,51.6
I3306,시멘트,2007,6978.0,88.0,-15.0,1.3,37.6
I3306,시멘트,2008,8314.0,46.0,-499.0,0.6,14.0
I3306,시멘트,2009,8967.0,348.0,84.0,3.9,82.9
I3307,기타비금속,2000,686.0,47.0,24.0,6.9,221.3
I3307,기타비금속,2001,769.0,57.0,30.0,7.5,307.0
I3307,기타비금속,2002,916.0,73.0,43.0,7.9,422.4
I3307,기타비금속,2003,1056.0,92.0,63.0,8.7,637.8
I3307,기타비금속,2004,1139.0,81.0,52.0,7.1,599.4
I3307,기타비금속,2005,1172.0,75.0,60.0,6.4,489.0
I3307,기타비금속,2006,1313.0,96.0,75.0,7.3,496.1
I3307,기타비금속,2007,1285.0,73.0,55.0,5.7,409.8
I3307,기타비금속,2008,1957.0,96.0,-1.0,4.9,132.3
I3307,기타비금속,2009,2150.0,179.0,124.0,8.3,252.8
I3308,철강,2000,27549.0,3009.0,1668.0,10.9,242.1
I3308,철강,2001,27687.0,2419.0,1144.0,8.7,201.4
I3308,철강,2002,30766.0,3085.0,1700.0,10.0,330.2
I3308,철강,2003,36678.0,4629.0,3184.0,12.6,633.9
I3308,철강,2004,49649.0,7827.0,6103.0,15.8,1381.3
I3308,철강,2005,53059.0,7917.0,6245.0,14.9,1477.0
I3308,철강,2006,51745.0,5763.0,4660.0,11.1,979.8
I3308,철강,2007,60126.0,6592.0,5354.0,11.0,913.0
I3308,철강,2008,83160.0,11483.0,6542.0,13.8,1224.5
I3308,철강,2009,70847.0,5153.0,5159.0,7.3,465.3
I3309,비철금속,2000,6309.0,289.0,42.0,4.6,158.3
I3309,비철금속,2001,6630.0,349.0,69.0,5.3,211.3
I3309,비철금속,2002,7157.0,311.0,346.0,4.3,247.1
I3309,비철금속,2003,8536.0,308.0,221.0,3.6,278.2
I3309,비철금속,2004,10697.0,461.0,458.0,4.3,381.7
I3309,비철금속,2005,11903.0,577.0,466.0,4.9,423.7
I3309,비철금속,2006,16927.0,889.0,974.0,5.3,436.7
I3309,비철금속,2007,19292.0,1162.0,1004.0,6.0,497.0
I3309,비철금속,2008,22181.0,1477.0,437.0,6.7,549.5
I3309,비철금속,2009,22109.0,1091.0,1175.0,4.9,416.0
I3310,주조,2000,821.0,51.0,18.0,6.2,167.1
I3310,주조,2001,933.0,51.0,19.0,5.5,171.8
I3310,주조,2002,1001.0,16.0,-40.0,1.6,53.4
I3310,주조,2003,1075.0,-6.0,-6.0,-0.5,-23.7
I3310,주조,2004,1312.0,48.0,60.0,3.6,267.0
I3310,주조,2005,1504.0,61.0,49.0,4.0,306.3
I3310,주조,2006,1806.0,64.0,50.0,3.5,242.7
I3310,주조,2007,2139.0,82.0,88.0,3.8,253.8
I3310,주조,2008,2703.0,146.0,34.0,5.4,314.5
I3310,주조,2009,2512.0,203.0,133.0,8.1,433.4
I3311,조립금속,2000,4960.0,296.0,166.0,6.0,230.7
I3311,조립금속,2001,5492.0,356.0,241.0,6.5,293.8
I3311,조립금속,2002,6305.0,401.0,261.0,6.4,353.8
I3311,조립금속,2003,7146.0,433.0,623.0,6.1,406.8
I3311,조립금속,2004,8866.0,486.0,376.0,5.5,443.0
I3311,조립금속,2005,10376.0,588.0,489.0,5.7,462.2
I3311,조립금속,2006,11819.0,715.0,579.0,6.1,430.2
I3311,조립금속,2007,13976.0,921.0,711.0,6.6,431.1
I3311,조립금속,2008,18362.0,1422.0,735.0,7.7,460.3
I3311,조립금속,2009,17828.0,1217.0,751.0,6.8,386.6
I3312,조선,2000,6754.0,512.0,-242.0,7.6,103.7
I3312,조선,2001,10707.0,770.0,304.0,7.2,177.8
I3312,조선,2002,11563.0,717.0,461.0,6.2,310.5
I3312,조선,2003,12985.0,798.0,537.0,6.1,518.2
I3312,조선,2004,15035.0,201.0,478.0,1.3,193.0
I3312,조선,2005,17469.0,17.0,358.0,0.1,17.7
I3312,조선,2006,20911.0,495.0,858.0,2.4,439.3
I3312,조선,2007,27308.0,1809.0,2139.0,6.6,1314.9
I3312,조선,2008,38601.0,3370.0,926.0,8.7,2117.7
I3312,조선,2009,46123.0,2551.0,1993.0,5.5,624.1
I3401,음식료,2000,17884.0,1472.0,628.0,8.2,186.9
I3401,음식료,2001,20050.0,1499.0,629.0,7.5,204.5
I3401,음식료,2002,22556.0,1685.0,752.0,7.5,268.6
I3401,음식료,2003,24248.0,1724.0,16.0,7.1,316.1
I3401,음식료,2004,25880.0,1801.0,1336.0,7.0,519.9
I3401,음식료,2005,26313.0,1827.0,1682.0,6.9,546.5
I3401,음식료,2006,27562.0,1725.0,1253.0,6.3,459.4
I3401,음식료,2007,31210.0,2100.0,1673.0,6.7,520.9
I3401,음식료,2008,38517.0,2340.0,1086.0,6.1,500.2
I3401,음식료,2009,43080.0,2909.0,2452.0,6.8,600.7
I3402,담배,2000,1842.0,432.0,274.0,23.4,83279.4
I3402,담배,2001,1897.0,469.0,347.0,24.7,12731.0
I3402,담배,2002,1970.0,528.0,338.0,26.8,1523.7
I3402,담배,2003,2558.0,730.0,483.0,28.6,1403.5
I3402,담배,2004,3099.0,1056.0,484.0,34.1,4766.2
I3402,담배,2005,2631.0,724.0,542.0,27.5,6357.8
I3402,담배,2006,2682.0,742.0,665.0,27.7,10507.6
I3402,담배,2007,2885.0,871.0,700.0,30.2,12640.3
I3402,담배,2008,3217.0,1080.0,968.0,33.6,15862.6
I3402,담배,2009,3460.0,1119.0,837.0,32.3,17543.1
I3403,섬유,2000,6140.0,241.0,102.0,3.9,127.5
I3403,섬유,2001,6861.0,42.0,-108.0,0.6,20.0
I3403,섬유,2002,6905.0,310.0,214.0,4.5,216.1
I3403,섬유,2003,7100.0,180.0,-32.0,2.5,91.4
I3403,섬유,2004,7623.0,197.0,235.0,2.6,119.9
I3403,섬유,2005,7152.0,100.0,226.0,1.4,83.9
I3403,섬유,2006,7105.0,151.0,-135.0,2.1,125.2
I3403,섬유,2007,7456.0,224.0,56.0,3.0,181.3
I3403,섬유,2008,9849.0,312.0,-58.0,3.2,201.9
I3403,섬유,2009,10532.0,601.0,608.0,5.7,393.4
I3404,의류,2000,5864.0,473.0,395.0,8.1,440.5
I3404,의류,2001,7124.0,718.0,515.0,10.1,705.3
I3404,의류,2002,7978.0,663.0,381.0,8.3,795.9
I3404,의류,2003,8410.0,480.0,378.0,5.7,506.6
I3404,의류,2004,8893.0,470.0,377.0,5.3,525.8
I3404,의류,2005,10203.0,608.0,505.0,6.0,565.4
I3404,의류,2006,11755.0,768.0,511.0,6.5,576.0
I3404,의류,2007,13277.0,888.0,543.0,6.7,543.2
I3404,의류,2008,15040.0,909.0,455.0,6.0,426.4
I3404,의류,2009,16455.0,1252.0,871.0,7.6,576.4
I3405,가죽신발,2000,2111.0,119.0,-13.0,5.6,159.6
I3405,가죽신발,2001,2716.0,161.0,79.0,5.9,281.0
I3405,가죽신발,2002,2383.0,144.0,98.0,6.1,418.0
I3405,가죽신발,2003,2680.0,114.0,90.0,4.2,342.7
I3405,가죽신발,2004,2654.0,70.0,40.0,2.6,210.0
I3405,가죽신발,2005,2600.0,105.0,125.0,4.0,327.3
I3405,가죽신발,2006,2731.0,136.0,110.0,5.0,367.6
I3405,가죽신발,2007,2956.0,159.0,107.0,5.4,410.3
I3405,가죽신발,2008,3458.0,223.0,68.0,6.5,467.6
I3405,가죽신발,2009,3753.0,338.0,188.0,9.0,736.5
I3406,목재,2000,1073.0,72.0,26.0,6.7,119.3
I3406,목재,2001,1274.0,73.0,-4.0,5.7,125.8
I3406,목재,2002,1450.0,85.0,42.0,5.9,193.3
I3406,목재,2003,1422.0,81.0,54.0,5.7,252.6
I3406,목재,2004,1267.0,87.0,50.0,6.9,325.3
I3406,목재,2005,1256.0,47.0,17.0,3.7,152.5
I3406,목재,2006,1136.0,38.0,-6.0,3.4,142.3
I3406,목재,2007,1411.0,44.0,0.0,3.1,106.9
I3406,목재,2008,1688.0,69.0,-7.0,4.1,127.6
I3406,목재,2009,1811.0,121.0,85.0,6.7,182.9
I3407,제지,2000,5736.0,519.0,180.0,9.1,164.9
I3407,제지,2001,5909.0,494.0,279.0,8.4,181.8
I3407,제지,2002,6066.0,671.0,467.0,11.1,345.3
I3407,제지,2003,6177.0,445.0,274.0,7.2,291.7
I3407,제지,2004,6538.0,388.0,280.0,5.9,275.7
I3407,제지,2005,6466.0,317.0,241.0,4.9,228.2
I3407,제지,2006,6804.0,372.0,271.0,5.5,257.4
I3407,제지,2007,7525.0,314.0,152.0,4.2,200.5
I3407,제지,2008,9148.0,459.0,-5.0,5.0,233.1
I3407,제지,2009,9414.0,760.0,590.0,8.1,467.4
I3408,인쇄,2000,577.0,44.0,28.0,7.6,350.9
I3408,인쇄,2001,725.0,64.0,43.0,8.8,516.2
I3408,인쇄,2002,845.0,78.0,57.0,9.2,560.3
I3408,인쇄,2003,902.0,86.0,56.0,9.5,579.8
I3408,인쇄,2004,937.0,79.0,64.0,8.4,535.9
I3408,인쇄,2005,988.0,50.0,49.0,5.1,313.5
I3408,인쇄,2006,1060.0,64.0,68.0,6.0,368.9
I3408,인쇄,2007,1123.0,57.0,60.0,5.1,281.7
I3408,인쇄,2008,1209.0,58.0,21.0,4.8,231.8
I3408,인쇄,2009,1240.0,67.0,82.0,5.4,314.5
I3409,가구,2000,1646.0,73.0,21.0,4.4,175.1
I3409,가구,2001,1689.0,93.0,84.0,5.5,246.3
I3409,가구,2002,2065.0,116.0,68.0,5.6,441.4
I3409,가구,2003,2182.0,95.0,10.0,4.4,427.0
I3409,가구,2004,2438.0,72.0,43.0,2.9,328.1
I3409,가구,2005,2774.0,102.0,79.0,3.7,497.6
I3409,가구,2006,3076.0,123.0,99.0,4.0,550.8
I3409,가구,2007,3308.0,148.0,110.0,4.5,533.4
I3409,가구,2008,3515.0,130.0,80.0,3.7,368.5
I3409,가구,2009,3575.0,170.0,149.0,4.8,466.2
I3410,기타 제조업,2000,1107.0,62.0,10.0,5.6,120.8
I3410,기타 제조업,2001,1139.0,66.0,22.0,5.8,127.0
I3410,기타 제조업,2002,1308.0,50.0,110.0,3.8,173.0
I3410,기타 제조업,2003,1278.0,50.0,9.0,3.9,204.7
I3410,기타 제조업,2004,1409.0,47.0,5.0,3.3,182.5
I3410,기타 제조업,2005,1338.0,58.0,66.0,4.3,255.4
I3410,기타 제조업,2006,1360.0,45.0,13.0,3.3,177.2
I3410,기타 제조업,2007,1479.0,68.0,40.0,4.6,209.1
I3410,기타 제조업,2008,1744.0,104.0,-52.0,5.9,258.0
I3410,기타 제조업,2009,1842.0,114.0,77.0,6.2,262.2
I3101,의약,2010,13713.0,1547.0,984.0,11.3,726.1
I3101,의약,2011,14849.0,1459.0,997.0,9.8,614.6
I3101,의약,2012,14872.0,1144.0,740.0,7.7,456.5
I3101,의약,2013,16435.0,1360.0,1180.0,8.3,529.0
I3101,의약,2014,18789.0,1589.0,1038.0,8.5,578.7
I3101,의약,2015,20739.0,1897.0,3437.0,9.1,768.4
I3101,의약,2016,23167.0,2057.0,2055.0,8.9,846.1
I3101,의약,2017,25828.0,2575.0,1567.0,10.0,1039.6
I3101,의약,2018,27677.0,2114.0,1411.0,7.6,700.1
I3101,의약,2019,29786.0,2131.0,1004.0,7.2,549.9
I3101,의약,2020,35652.0,4781.0,3127.0,13.4,1277.2
I3101,의약,2021,39791.0,5099.0,3325.0,12.8,1305.0
I3101,의약,2022,44714.0,5529.0,3853.0,12.4,1053.3
I3101,의약,2023,44194.0,4131.0,2909.0,9.3,600.5
I3101,의약,2024,47619.0,4693.0,3125.0,9.9,637.6
I3101,의약,2025,50950.0,5490.0,3687.0,10.8,710.5
I3102,반도체,2010,23935.0,4055.0,3541.0,16.9,705.6
I3102,반도체,2011,22965.0,1175.0,450.0,5.1,224.5
I3102,반도체,2012,23289.0,-172.0,-457.0,-0.7,-31.0
I3102,반도체,2013,26445.0,3514.0,2519.0,13.3,703.1
I3102,반도체,2014,28840.0,5355.0,3747.0,18.6,1318.4
I3102,반도체,2015,31216.0,5720.0,3958.0,18.3,1795.2
I3102,반도체,2016,29256.0,3487.0,2669.0,11.9,1161.8
I3102,반도체,2017,44099.0,14055.0,10433.0,31.9,4759.9
I3102,반도체,2018,55750.0,21635.0,16061.0,38.8,7729.6
I3102,반도체,2019,43645.0,3224.0,2074.0,7.4,813.6
I3102,반도체,2020,52425.0,5994.0,5758.0,11.4,1595.2
I3102,반도체,2021,68517.0,14811.0,11597.0,21.6,3456.3
I3102,반도체,2022,69543.0,11257.0,5321.0,16.2,1692.8
I3102,반도체,2023,56287.0,-3519.0,-4107.0,-6.3,-220.7
I3102,반도체,2024,87074.0,22698.0,18040.0,26.1,1380.8
I3102,반도체,2025,119250.0,45479.0,42456.0,38.1,3663.0
I3103,디스플레이,2010,29914.0,1588.0,1166.0,5.3,1330.9
I3103,디스플레이,2011,28397.0,-920.0,-823.0,-3.2,-526.1
I3103,디스플레이,2012,56086.0,2934.0,2269.0,5.2,1054.7
I3103,디스플레이,2013,60316.0,3267.0,2653.0,5.4,1206.4
I3103,디스플레이,2014,54995.0,1507.0,2885.0,2.7,767.8
I3103,디스플레이,2015,56032.0,2856.0,2726.0,5.1,1653.2
I3103,디스플레이,2016,52123.0,2463.0,2443.0,4.7,1584.1
I3103,디스플레이,2017,58814.0,4996.0,5399.0,8.5,4173.6
I3103,디스플레이,2018,54004.0,547.0,1005.0,1.0,478.3
I3103,디스플레이,2019,51744.0,-1389.0,-2192.0,-2.7,-698.9
I3103,디스플레이,2020,52599.0,326.0,1315.0,0.6,122.9
I3103,디스플레이,2021,60270.0,3925.0,3505.0,6.5,1480.1
I3103,디스플레이,2022,58148.0,1335.0,1412.0,2.3,485.8
I3103,디스플레이,2023,49588.0,-93.0,6704.0,-0.2,-17.8
I3103,디스플레이,2024,53212.0,692.0,3344.0,1.3,94.8
I3103,디스플레이,2025,52318.0,2008.0,5688.0,3.8,349.7
I3104,컴퓨터,2010,970.0,51.0,44.0,5.2,433.4
I3104,컴퓨터,2011,1027.0,41.0,16.0,4.0,320.5
I3104,컴퓨터,2012,1163.0,38.0,46.0,3.2,297.4
I3104,컴퓨터,2013,1422.0,49.0,46.0,3.4,401.9
I3104,컴퓨터,2014,1534.0,36.0,28.0,2.4,277.0
I3104,컴퓨터,2015,1511.0,56.0,46.0,3.7,400.4
I3104,컴퓨터,2016,1690.0,60.0,25.0,3.6,427.3
I3104,컴퓨터,2017,2030.0,103.0,80.0,5.1,860.5
I3104,컴퓨터,2018,2058.0,89.0,64.0,4.3,633.9
I3104,컴퓨터,2019,3264.0,-181.0,-132.0,-5.5,-930.0
I3104,컴퓨터,2020,3605.0,84.0,17.0,2.3,387.6
I3104,컴퓨터,2021,4235.0,18.0,7.0,0.4,96.8
I3104,컴퓨터,2022,4152.0,40.0,35.0,1.0,151.1
I3104,컴퓨터,2023,3872.0,66.0,112.0,1.7,178.7
I3104,컴퓨터,2024,3569.0,121.0,100.0,3.4,275.6
I3104,컴퓨터,2025,3976.0,226.0,178.0,5.7,607.8
I3105,통신기기,2010,149592.0,11606.0,12900.0,7.8,2007.1
I3105,통신기기,2011,157193.0,9750.0,9731.0,6.2,1609.2
I3105,통신기기,2012,176750.0,19031.0,17350.0,10.8,3766.5
I3105,통신기기,2013,196079.0,21916.0,17928.0,11.2,4918.2
I3105,통신기기,2014,177448.0,14533.0,14634.0,8.2,2557.9
I3105,통신기기,2015,173416.0,13594.0,12175.0,7.8,2119.4
I3105,통신기기,2016,172365.0,13629.0,11453.0,7.9,2015.0
I3105,통신기기,2017,203468.0,35747.0,29549.0,17.6,5077.8
I3105,통신기기,2018,210255.0,44440.0,32955.0,21.1,5772.6
I3105,통신기기,2019,194624.0,14823.0,15407.0,7.6,1933.3
I3105,통신기기,2020,200672.0,22041.0,16873.0,11.0,4643.6
I3105,통신기기,2021,238501.0,33105.0,30861.0,13.9,7235.4
I3105,통신기기,2022,253272.0,26100.0,26613.0,10.3,3807.6
I3105,통신기기,2023,211883.0,-10653.0,26412.0,-5.0,-963.0
I3105,통신기기,2024,252931.0,13053.0,25148.0,5.2,964.2
I3105,통신기기,2025,280880.0,23253.0,35073.0,8.3,1638.5
I3106,가전,2010,9253.0,424.0,343.0,4.6,505.8
I3106,가전,2011,9538.0,308.0,240.0,3.2,351.4
I3106,가전,2012,9852.0,349.0,239.0,3.5,390.3
I3106,가전,2013,11205.0,429.0,228.0,3.8,485.0
I3106,가전,2014,11919.0,443.0,309.0,3.7,446.9
I3106,가전,2015,12031.0,449.0,319.0,3.7,485.5
I3106,가전,2016,12331.0,463.0,286.0,3.8,526.6
I3106,가전,2017,13328.0,428.0,159.0,3.2,435.3
I3106,가전,2018,13369.0,321.0,91.0,2.4,293.5
I3106,가전,2019,14335.0,612.0,372.0,4.3,502.6
I3106,가전,2020,14929.0,734.0,362.0,4.9,667.4
I3106,가전,2021,15863.0,542.0,412.0,3.4,439.6
I3106,가전,2022,16122.0,509.0,614.0,3.2,331.1
I3106,가전,2023,14984.0,243.0,27.0,1.6,117.6
I3106,가전,2024,15713.0,778.0,491.0,4.9,342.4
I3106,가전,2025,16128.0,705.0,432.0,4.4,346.9
I3107,정밀기기,2010,6968.0,716.0,541.0,10.3,641.6
I3107,정밀기기,2011,7913.0,770.0,561.0,9.7,621.5
I3107,정밀기기,2012,9012.0,912.0,641.0,10.1,699.5
I3107,정밀기기,2013,9996.0,948.0,769.0,9.5,747.3
I3107,정밀기기,2014,10554.0,925.0,749.0,8.8,690.2
I3107,정밀기기,2015,11793.0,1060.0,911.0,9.0,831.2
I3107,정밀기기,2016,12472.0,1141.0,908.0,9.1,917.6
I3107,정밀기기,2017,13775.0,1316.0,904.0,9.6,972.3
I3107,정밀기기,2018,14059.0,1181.0,1032.0,8.4,667.3
I3107,정밀기기,2019,15320.0,1273.0,776.0,8.3,619.5
I3107,정밀기기,2020,17080.0,2136.0,1367.0,12.5,1064.7
I3107,정밀기기,2021,21273.0,3139.0,2159.0,14.8,1252.3
I3107,정밀기기,2022,23208.0,3350.0,2470.0,14.4,1071.6
I3107,정밀기기,2023,21443.0,1905.0,1040.0,8.9,430.9
I3107,정밀기기,2024,22795.0,2048.0,1419.0,9.0,429.1
I3107,정밀기기,2025,24596.0,2310.0,1155.0,9.4,496.1
I3108,전지,2010,7056.0,416.0,434.0,5.9,1249.3
I3108,전지,2011,8516.0,371.0,240.0,4.4,1323.3
I3108,전지,2012,8879.0,359.0,2800.0,4.0,966.3
I3108,전지,2013,7010.0,166.0,99.0,2.4,369.5
I3108,전지,2014,8979.0,153.0,-0.0,1.7,260.1
I3108,전지,2015,8376.0,-142.0,12.0,-1.7,-629.3
I3108,전지,2016,8595.0,-710.0,177.0,-8.3,-2655.1
I3108,전지,2017,10614.0,320.0,337.0,3.0,953.8
I3108,전지,2018,14816.0,980.0,941.0,6.6,1697.9
I3108,전지,2019,15555.0,656.0,534.0,4.2,908.3
I3108,전지,2020,17429.0,206.0,295.0,1.2,245.4
I3108,전지,2021,31176.0,546.0,1084.0,1.8,372.5
I3108,전지,2022,51870.0,866.0,599.0,1.7,263.9
I3108,전지,2023,60898.0,-737.0,-180.0,-1.2,-113.6
I3108,전지,2024,45986.0,-3791.0,-1702.0,-8.2,-329.7
I3108,전지,2025,53225.0,-4517.0,-3262.0,-8.5,-336.4
I3109,항공,2010,4368.0,338.0,269.0,7.7,1092.9
I3109,항공,2011,4414.0,165.0,306.0,3.7,383.8
I3109,항공,2012,4736.0,274.0,182.0,5.8,695.6
I3109,항공,2013,4987.0,173.0,142.0,3.5,560.8
I3109,항공,2014,5386.0,219.0,16.0,4.1,684.7
I3109,항공,2015,6192.0,327.0,409.0,5.3,682.6
I3109,항공,2016,6309.0,453.0,532.0,7.2,812.7
I3109,항공,2017,4816.0,-215.0,-233.0,-4.5,-289.7
I3109,항공,2018,4821.0,91.0,54.0,1.9,111.8
I3109,항공,2019,5441.0,265.0,189.0,4.9,313.5
I3109,항공,2020,4718.0,110.0,38.0,2.3,118.9
I3109,항공,2021,4635.0,-23.0,-21.0,-0.5,-22.2
I3109,항공,2022,5834.0,267.0,356.0,4.6,229.1
I3109,항공,2023,10080.0,728.0,765.0,7.2,367.9
I3109,항공,2024,13016.0,1726.0,1165.0,13.3,616.7
I3109,항공,2025,14862.0,2234.0,1557.0,15.0,650.2
I3201,석유화학,2010,82018.0,9158.0,7441.0,11.2,1454.7
I3201,석유화학,2011,114045.0,9847.0,7807.0,8.6,1317.2
I3201,석유화학,2012,114752.0,5634.0,4440.0,4.9,770.6
I3201,석유화학,2013,120105.0,5376.0,3847.0,4.5,761.7
I3201,석유화학,2014,118393.0,3738.0,2086.0,3.2,462.2
I3201,석유화학,2015,102574.0,7857.0,5296.0,7.7,1065.5
I3201,석유화학,2016,100610.0,11031.0,8211.0,11.0,1557.0
I3201,석유화학,2017,119295.0,13975.0,9946.0,11.7,2178.2
I3201,석유화학,2018,130833.0,12432.0,10211.0,9.5,1675.6
I3201,석유화학,2019,113805.0,7096.0,4268.0,6.2,924.8
I3201,석유화학,2020,103592.0,6628.0,4704.0,6.4,847.4
I3201,석유화학,2021,135201.0,14190.0,12496.0,10.5,2054.2
I3201,석유화학,2022,162135.0,7750.0,8889.0,4.8,720.7
I3201,석유화학,2023,138646.0,3276.0,2823.0,2.4,175.8
I3201,석유화학,2024,140272.0,3123.0,-410.0,2.2,145.2
I3201,석유화학,2025,132089.0,2178.0,1531.0,1.6,101.8
I3202,정밀화학,2010,36676.0,3028.0,2907.0,8.3,513.6
I3202,정밀화학,2011,41621.0,3085.0,2362.0,7.4,561.2
I3202,정밀화학,2012,43547.0,3048.0,2629.0,7.0,583.9
I3202,정밀화학,2013,42437.0,2729.0,1982.0,6.4,585.1
I3202,정밀화학,2014,46352.0,3480.0,2682.0,7.5,702.5
I3202,정밀화학,2015,48588.0,4447.0,3083.0,9.2,884.4
I3202,정밀화학,2016,51819.0,5140.0,3687.0,9.9,1124.3
I3202,정밀화학,2017,53643.0,4690.0,3260.0,8.7,1032.3
I3202,정밀화학,2018,56705.0,4417.0,2941.0,7.8,860.6
I3202,정밀화학,2019,57259.0,4505.0,2870.0,7.9,664.5
I3202,정밀화학,2020,55914.0,4554.0,4012.0,8.1,968.0
I3202,정밀화학,2021,64007.0,6456.0,5097.0,10.1,1396.7
I3202,정밀화학,2022,67979.0,5780.0,4256.0,8.5,962.8
I3202,정밀화학,2023,69035.0,4724.0,4308.0,6.8,485.6
I3202,정밀화학,2024,74853.0,5998.0,4781.0,8.0,561.2
I3202,정밀화학,2025,77505.0,6200.0,6524.0,8.0,641.4
I3203,기타 전자부품,2010,30571.0,1728.0,1773.0,5.7,583.8
I3203,기타 전자부품,2011,32642.0,1170.0,986.0,3.6,304.9
I3203,기타 전자부품,2012,37049.0,1831.0,1463.0,4.9,395.5
I3203,기타 전자부품,2013,42523.0,2068.0,1594.0,4.9,504.1
I3203,기타 전자부품,2014,38346.0,1279.0,1309.0,3.3,344.1
I3203,기타 전자부품,2015,38190.0,1164.0,555.0,3.0,367.2
I3203,기타 전자부품,2016,38196.0,697.0,304.0,1.8,223.7
I3203,기타 전자부품,2017,43333.0,1754.0,846.0,4.0,553.8
I3203,기타 전자부품,2018,43040.0,1978.0,1060.0,4.6,551.8
I3203,기타 전자부품,2019,44471.0,2165.0,1198.0,4.9,610.5
I3203,기타 전자부품,2020,49137.0,2551.0,1458.0,5.2,857.3
I3203,기타 전자부품,2021,61904.0,4760.0,4321.0,7.7,1674.1
I3203,기타 전자부품,2022,70050.0,5222.0,4279.0,7.5,1303.7
I3203,기타 전자부품,2023,67853.0,2319.0,2147.0,3.4,381.2
I3203,기타 전자부품,2024,71861.0,2741.0,3214.0,3.8,395.9
I3203,기타 전자부품,2025,76543.0,3425.0,3052.0,4.5,489.1
I3204,전기기기,2010,24940.0,1146.0,74.0,4.6,271.0
I3204,전기기기,2011,28496.0,1005.0,329.0,3.5,227.9
I3204,전기기기,2012,27225.0,1067.0,241.0,3.9,272.1
I3204,전기기기,2013,27537.0,1052.0,-17.0,3.8,296.8
I3204,전기기기,2014,27391.0,1338.0,579.0,4.9,491.6
I3204,전기기기,2015,27782.0,1428.0,882.0,5.1,572.8
I3204,전기기기,2016,27140.0,1327.0,999.0,4.9,579.0
I3204,전기기기,2017,31401.0,1387.0,805.0,4.4,568.7
I3204,전기기기,2018,34548.0,1063.0,616.0,3.1,340.8
I3204,전기기기,2019,36451.0,1183.0,534.0,3.2,341.1
I3204,전기기기,2020,36686.0,1404.0,809.0,3.8,444.4
I3204,전기기기,2021,41298.0,1382.0,1118.0,3.3,504.7
I3204,전기기기,2022,46553.0,1670.0,1089.0,3.6,429.3
I3204,전기기기,2023,50501.0,2373.0,1780.0,4.7,386.1
I3204,전기기기,2024,53664.0,3106.0,2186.0,5.8,482.1
I3204,전기기기,2025,56744.0,3549.0,2422.0,6.3,574.1
I3205,일반목적기계,2010,32956.0,2412.0,1683.0,7.3,478.8
I3205,일반목적기계,2011,37894.0,2246.0,1183.0,5.9,493.4
I3205,일반목적기계,2012,38869.0,2054.0,648.0,5.3,353.3
I3205,일반목적기계,2013,36486.0,1730.0,-133.0,4.7,280.5
I3205,일반목적기계,2014,35793.0,1570.0,579.0,4.4,277.0
I3205,일반목적기계,2015,35954.0,1628.0,302.0,4.5,318.5
I3205,일반목적기계,2016,35450.0,1656.0,167.0,4.7,267.3
I3205,일반목적기계,2017,37139.0,2145.0,1955.0,5.8,422.9
I3205,일반목적기계,2018,37313.0,1622.0,-60.0,4.3,285.7
I3205,일반목적기계,2019,38993.0,1795.0,519.0,4.6,297.7
I3205,일반목적기계,2020,39395.0,1261.0,-883.0,3.2,219.6
I3205,일반목적기계,2021,42426.0,1705.0,1584.0,4.0,313.8
I3205,일반목적기계,2022,49431.0,2078.0,461.0,4.2,339.0
I3205,일반목적기계,2023,54351.0,3063.0,2508.0,5.6,353.4
I3205,일반목적기계,2024,56201.0,3220.0,2044.0,5.7,335.2
I3205,일반목적기계,2025,57558.0,3746.0,3136.0,6.5,422.4
I3206,특수목적기계,2010,29347.0,2694.0,1711.0,9.2,579.7
I3206,특수목적기계,2011,33526.0,2736.0,2178.0,8.2,672.8
I3206,특수목적기계,2012,31481.0,1814.0,934.0,5.8,348.1
I3206,특수목적기계,2013,32888.0,1958.0,1367.0,6.0,341.5
I3206,특수목적기계,2014,34324.0,1864.0,1139.0,5.4,332.5
I3206,특수목적기계,2015,33438.0,1563.0,409.0,4.7,294.2
I3206,특수목적기계,2016,37605.0,2399.0,1794.0,6.4,483.8
I3206,특수목적기계,2017,52761.0,4241.0,2662.0,8.0,754.1
I3206,특수목적기계,2018,53259.0,3604.0,2443.0,6.8,548.6
I3206,특수목적기계,2019,49757.0,3149.0,1939.0,6.3,463.8
I3206,특수목적기계,2020,51086.0,3481.0,1982.0,6.8,563.4
I3206,특수목적기계,2021,62198.0,4617.0,4225.0,7.4,794.4
I3206,특수목적기계,2022,69453.0,5924.0,4671.0,8.5,832.8
I3206,특수목적기계,2023,67432.0,4222.0,3913.0,6.3,438.0
I3206,특수목적기계,2024,68687.0,4497.0,3713.0,6.5,449.6
I3206,특수목적기계,2025,66689.0,4574.0,3515.0,6.9,506.2
I3207,자동차,2010,158237.0,9497.0,13463.0,6.0,778.2
I3207,자동차,2011,189376.0,11684.0,11043.0,6.2,873.8
I3207,자동차,2012,196717.0,11042.0,12359.0,5.6,847.5
I3207,자동차,2013,200612.0,12082.0,13520.0,6.0,1015.6
I3207,자동차,2014,208952.0,10282.0,12741.0,4.9,860.2
I3207,자동차,2015,224485.0,12117.0,12494.0,5.4,990.3
I3207,자동차,2016,225184.0,10600.0,11561.0,4.7,823.8
I3207,자동차,2017,223204.0,6333.0,5404.0,2.8,436.4
I3207,자동차,2018,223745.0,3558.0,3117.0,1.6,239.0
I3207,자동차,2019,241994.0,7322.0,7480.0,3.0,504.3
I3207,자동차,2020,237100.0,3948.0,1621.0,1.7,276.4
I3207,자동차,2021,263151.0,6589.0,6191.0,2.5,495.9
I3207,자동차,2022,302813.0,11216.0,9852.0,3.7,608.3
I3207,자동차,2023,350581.0,20352.0,23273.0,5.8,921.5
I3207,자동차,2024,358346.0,22561.0,28164.0,6.3,1019.2
I3207,자동차,2025,366650.0,16657.0,15743.0,4.5,773.4
I3208,철도,2010,3229.0,200.0,78.0,6.2,303.0
I3208,철도,2011,3081.0,125.0,76.0,4.1,203.2
I3208,철도,2012,3459.0,172.0,94.0,5.0,299.4
I3208,철도,2013,3514.0,176.0,127.0,5.0,315.2
I3208,철도,2014,3369.0,-5.0,2.0,-0.2,-11.8
I3208,철도,2015,3545.0,-183.0,-287.0,-5.2,-324.2
I3208,철도,2016,3179.0,112.0,29.0,3.5,189.2
I3208,철도,2017,2831.0,34.0,-38.0,1.2,67.8
I3208,철도,2018,2645.0,-222.0,-279.0,-8.4,-469.8
I3208,철도,2019,2799.0,-346.0,-414.0,-12.3,-639.7
I3208,철도,2020,3513.0,64.0,49.0,1.8,141.0
I3208,철도,2021,3896.0,227.0,130.0,5.8,523.8
I3208,철도,2022,4312.0,190.0,199.0,4.4,320.2
I3208,철도,2023,5014.0,306.0,229.0,6.1,564.6
I3208,철도,2024,5737.0,553.0,460.0,9.6,981.4
I3208,철도,2025,7290.0,1124.0,815.0,15.4,1940.9
I3209,기타 수송장비,2010,423.0,36.0,27.0,8.5,386.9
I3209,기타 수송장비,2011,411.0,26.0,13.0,6.3,251.4
I3209,기타 수송장비,2012,450.0,26.0,12.0,5.8,252.3
I3209,기타 수송장비,2013,503.0,32.0,21.0,6.3,415.6
I3209,기타 수송장비,2014,457.0,23.0,11.0,5.0,314.3
I3209,기타 수송장비,2015,510.0,8.0,2.0,1.5,106.8
I3209,기타 수송장비,2016,382.0,1.0,-0.0,0.1,6.6
I3209,기타 수송장비,2017,281.0,-19.0,154.0,-6.6,-215.2
I3209,기타 수송장비,2018,374.0,6.0,-44.0,1.5,62.9
I3209,기타 수송장비,2019,427.0,11.0,-41.0,2.6,143.6
I3209,기타 수송장비,2020,464.0,40.0,180.0,8.5,407.9
I3209,기타 수송장비,2021,543.0,56.0,89.0,10.3,433.3
I3209,기타 수송장비,2022,576.0,29.0,2.0,5.0,285.4
I3209,기타 수송장비,2023,553.0,-0.0,-37.0,-0.1,-3.0
I3209,기타 수송장비,2024,574.0,17.0,-0.0,3.0,116.7
I3209,기타 수송장비,2025,592.0,30.0,20.0,5.1,193.7
I3301,석유정제,2010,115167.0,4334.0,3301.0,3.8,604.1
I3301,석유정제,2011,153033.0,6542.0,5658.0,4.3,821.3
I3301,석유정제,2012,154551.0,3433.0,3306.0,2.2,419.0
I3301,석유정제,2013,148864.0,2115.0,1100.0,1.4,305.8
I3301,석유정제,2014,141949.0,-953.0,-1525.0,-0.7,-147.1
I3301,석유정제,2015,97993.0,4549.0,3057.0,4.6,764.8
I3301,석유정제,2016,86592.0,7084.0,4682.0,8.2,1317.1
I3301,석유정제,2017,112417.0,8710.0,7024.0,7.7,1795.3
I3301,석유정제,2018,138418.0,6206.0,4425.0,4.5,1146.6
I3301,석유정제,2019,128154.0,3649.0,1880.0,2.8,501.9
I3301,석유정제,2020,86821.0,-3423.0,-2270.0,-3.9,-503.5
I3301,석유정제,2021,129027.0,7882.0,5939.0,6.1,1233.0
I3301,석유정제,2022,210970.0,14454.0,8920.0,6.9,1473.5
I3301,석유정제,2023,180291.0,6343.0,4358.0,3.5,443.3
I3301,석유정제,2024,183579.0,2401.0,-132.0,1.3,161.7
I3301,석유정제,2025,169650.0,3995.0,3597.0,2.4,243.5
I3302,고무,2010,7232.0,521.0,246.0,7.2,356.0
I3302,고무,2011,8317.0,524.0,344.0,6.3,324.4
I3302,고무,2012,10165.0,772.0,589.0,7.6,419.2
I3302,고무,2013,12646.0,1121.0,851.0,8.9,627.7
I3302,고무,2014,12204.0,1136.0,894.0,9.3,720.5
I3302,고무,2015,11663.0,796.0,727.0,6.8,650.5
I3302,고무,2016,11508.0,880.0,852.0,7.6,707.7
I3302,고무,2017,11336.0,345.0,266.0,3.0,268.5
I3302,고무,2018,11270.0,441.0,-135.0,3.9,321.1
I3302,고무,2019,11379.0,555.0,522.0,4.9,423.3
I3302,고무,2020,9529.0,277.0,-202.0,2.9,249.4
I3302,고무,2021,10736.0,-142.0,61.0,-1.3,-134.2
I3302,고무,2022,13590.0,135.0,254.0,1.0,85.9
I3302,고무,2023,13209.0,656.0,1276.0,5.0,284.7
I3302,고무,2024,14246.0,1022.0,1687.0,7.2,482.1
I3302,고무,2025,14684.0,995.0,1846.0,6.8,511.9
I3303,플라스틱,2010,19708.0,1171.0,893.0,5.9,477.4
I3303,플라스틱,2011,21749.0,1210.0,775.0,5.6,408.6
I3303,플라스틱,2012,23653.0,1315.0,827.0,5.6,410.3
I3303,플라스틱,2013,26239.0,1357.0,238.0,5.2,489.8
I3303,플라스틱,2014,27213.0,1340.0,836.0,4.9,461.4
I3303,플라스틱,2015,26925.0,1665.0,1107.0,6.2,625.9
I3303,플라스틱,2016,28982.0,1900.0,1603.0,6.6,691.9
I3303,플라스틱,2017,30491.0,1628.0,1078.0,5.3,586.1
I3303,플라스틱,2018,31161.0,1348.0,869.0,4.3,432.3
I3303,플라스틱,2019,31391.0,1411.0,1018.0,4.5,424.5
I3303,플라스틱,2020,40185.0,2417.0,1326.0,6.0,410.6
I3303,플라스틱,2021,35375.0,1902.0,1511.0,5.4,645.1
I3303,플라스틱,2022,37263.0,1589.0,1092.0,4.3,401.3
I3303,플라스틱,2023,37523.0,1488.0,987.0,4.0,258.6
I3303,플라스틱,2024,38448.0,1692.0,1560.0,4.4,298.0
I3303,플라스틱,2025,38379.0,1740.0,1399.0,4.5,340.8
I3304,유리,2010,11730.0,3965.0,3605.0,33.8,8578.7
I3304,유리,2011,11232.0,3194.0,2756.0,28.4,5405.8
I3304,유리,2012,9559.0,2063.0,1676.0,21.6,3544.3
I3304,유리,2013,7949.0,1407.0,1148.0,17.7,2435.3
I3304,유리,2014,7284.0,368.0,191.0,5.1,172.5
I3304,유리,2015,6731.0,719.0,326.0,10.7,323.6
I3304,유리,2016,6885.0,814.0,411.0,11.8,381.9
I3304,유리,2017,6555.0,836.0,824.0,12.7,403.4
I3304,유리,2018,6216.0,709.0,701.0,11.4,343.1
I3304,유리,2019,6349.0,610.0,301.0,9.6,1434.2
I3304,유리,2020,6671.0,436.0,-54.0,6.5,1208.6
I3304,유리,2021,7460.0,608.0,407.0,8.1,1860.0
I3304,유리,2022,7441.0,347.0,372.0,4.7,804.3
I3304,유리,2023,7369.0,321.0,160.0,4.4,458.3
I3304,유리,2024,7928.0,294.0,-424.0,3.7,393.3
I3304,유리,2025,8044.0,254.0,445.0,3.2,336.9
I3305,세라믹,2010,1531.0,90.0,79.0,5.8,325.1
I3305,세라믹,2011,1641.0,109.0,82.0,6.6,389.7
I3305,세라믹,2012,1719.0,78.0,141.0,4.6,267.0
I3305,세라믹,2013,1754.0,84.0,54.0,4.8,327.8
I3305,세라믹,2014,1826.0,99.0,75.0,5.4,442.1
I3305,세라믹,2015,1837.0,93.0,76.0,5.0,474.7
I3305,세라믹,2016,1829.0,119.0,74.0,6.5,683.3
I3305,세라믹,2017,1924.0,76.0,75.0,3.9,445.5
I3305,세라믹,2018,2032.0,107.0,81.0,5.3,599.9
I3305,세라믹,2019,1937.0,60.0,40.0,3.1,286.6
I3305,세라믹,2020,1989.0,52.0,36.0,2.6,237.1
I3305,세라믹,2021,2208.0,46.0,58.0,2.1,220.1
I3305,세라믹,2022,2329.0,21.0,-23.0,0.9,62.4
I3305,세라믹,2023,2017.0,-18.0,-122.0,-0.9,-33.3
I3305,세라믹,2024,2292.0,41.0,-4.0,1.8,66.2
I3305,세라믹,2025,2194.0,43.0,-40.0,2.0,79.8
I3306,시멘트,2010,8773.0,238.0,-356.0,2.7,57.1
I3306,시멘트,2011,9172.0,199.0,-296.0,2.2,43.5
I3306,시멘트,2012,10184.0,564.0,84.0,5.5,125.9
I3306,시멘트,2013,11137.0,780.0,-655.0,7.0,198.2
I3306,시멘트,2014,12135.0,1012.0,1478.0,8.3,359.9
I3306,시멘트,2015,13493.0,1269.0,1371.0,9.4,624.1
I3306,시멘트,2016,15176.0,1626.0,1145.0,10.7,910.8
I3306,시멘트,2017,14949.0,1468.0,1513.0,9.8,796.8
I3306,시멘트,2018,14684.0,1319.0,1286.0,9.0,584.7
I3306,시멘트,2019,14314.0,863.0,519.0,6.0,372.3
I3306,시멘트,2020,13677.0,984.0,669.0,7.2,405.6
I3306,시멘트,2021,16135.0,1282.0,945.0,7.9,485.6
I3306,시멘트,2022,18866.0,1429.0,1244.0,7.6,482.6
I3306,시멘트,2023,20619.0,2122.0,1819.0,10.3,462.4
I3306,시멘트,2024,18377.0,1558.0,627.0,8.5,301.5
I3306,시멘트,2025,14873.0,719.0,620.0,4.8,162.4
I3307,기타비금속,2010,2370.0,152.0,82.0,6.4,200.6
I3307,기타비금속,2011,2714.0,124.0,37.0,4.6,147.6
I3307,기타비금속,2012,2917.0,196.0,46.0,6.7,219.3
I3307,기타비금속,2013,3169.0,217.0,-61.0,6.8,212.8
I3307,기타비금속,2014,3274.0,282.0,486.0,8.6,303.0
I3307,기타비금속,2015,3397.0,320.0,208.0,9.4,482.6
I3307,기타비금속,2016,3697.0,375.0,301.0,10.1,646.4
I3307,기타비금속,2017,3896.0,362.0,243.0,9.3,687.8
I3307,기타비금속,2018,3965.0,265.0,184.0,6.7,536.1
I3307,기타비금속,2019,4019.0,315.0,219.0,7.8,549.8
I3307,기타비금속,2020,3858.0,333.0,242.0,8.6,638.4
I3307,기타비금속,2021,4370.0,337.0,264.0,7.7,655.7
I3307,기타비금속,2022,5243.0,383.0,258.0,7.3,563.1
I3307,기타비금속,2023,5292.0,476.0,310.0,9.0,513.0
I3307,기타비금속,2024,5454.0,471.0,375.0,8.6,460.1
I3307,기타비금속,2025,5136.0,378.0,129.0,7.4,401.5
I3308,철강,2010,87553.0,8436.0,6665.0,9.6,666.9
I3308,철강,2011,106191.0,7889.0,4775.0,7.4,459.6
I3308,철강,2012,99027.0,5068.0,3776.0,5.1,302.8
I3308,철강,2013,89784.0,4030.0,2497.0,4.5,309.6
I3308,철강,2014,90514.0,4919.0,933.0,5.4,344.7
I3308,철강,2015,80883.0,5010.0,2303.0,6.2,383.0
I3308,철강,2016,78874.0,5597.0,3494.0,7.1,518.8
I3308,철강,2017,92145.0,5739.0,3925.0,6.2,547.3
I3308,철강,2018,96800.0,5726.0,1440.0,5.9,528.2
I3308,철강,2019,95825.0,3988.0,1532.0,4.2,371.5
I3308,철강,2020,86575.0,2330.0,473.0,2.7,233.3
I3308,철강,2021,122019.0,13388.0,9817.0,11.0,1501.0
I3308,철강,2022,139097.0,8783.0,3973.0,6.3,781.2
I3308,철강,2023,124824.0,6386.0,3612.0,5.1,439.0
I3308,철강,2024,119029.0,4776.0,3284.0,4.0,325.9
I3308,철강,2025,111363.0,3917.0,1974.0,3.5,283.6
I3309,비철금속,2010,29408.0,1584.0,1468.0,5.4,642.7
I3309,비철금속,2011,34940.0,2030.0,1456.0,5.8,708.2
I3309,비철금속,2012,34519.0,1702.0,1255.0,4.9,539.6
I3309,비철금속,2013,32410.0,1461.0,991.0,4.5,534.0
I3309,비철금속,2014,32194.0,1409.0,855.0,4.4,531.3
I3309,비철금속,2015,31028.0,1270.0,467.0,4.1,520.1
I3309,비철금속,2016,31494.0,1818.0,1283.0,5.8,858.6
I3309,비철금속,2017,35319.0,1794.0,1513.0,5.1,810.2
I3309,비철금속,2018,36271.0,1436.0,1090.0,4.0,588.9
I3309,비철금속,2019,36591.0,1665.0,1047.0,4.6,666.6
I3309,비철금속,2020,35850.0,1666.0,1105.0,4.6,839.4
I3309,비철금속,2021,47580.0,2697.0,2154.0,5.7,1485.4
I3309,비철금속,2022,55059.0,2917.0,1991.0,5.3,931.2
I3309,비철금속,2023,51254.0,1601.0,1345.0,3.1,335.0
I3309,비철금속,2024,53394.0,2024.0,754.0,3.8,356.7
I3309,비철금속,2025,64471.0,2414.0,802.0,3.7,367.2
I3310,주조,2010,3098.0,160.0,174.0,5.2,333.8
I3310,주조,2011,3574.0,188.0,129.0,5.3,340.7
I3310,주조,2012,3574.0,156.0,138.0,4.4,233.9
I3310,주조,2013,3517.0,134.0,82.0,3.8,211.8
I3310,주조,2014,3641.0,136.0,82.0,3.7,208.4
I3310,주조,2015,3426.0,123.0,36.0,3.6,199.5
I3310,주조,2016,3356.0,128.0,72.0,3.8,230.5
I3310,주조,2017,3711.0,118.0,46.0,3.2,222.9
I3310,주조,2018,3908.0,102.0,95.0,2.6,185.9
I3310,주조,2019,3965.0,121.0,51.0,3.1,213.4
I3310,주조,2020,3697.0,112.0,81.0,3.0,243.5
I3310,주조,2021,4658.0,103.0,99.0,2.2,234.4
I3310,주조,2022,5353.0,245.0,253.0,4.6,412.3
I3310,주조,2023,5155.0,212.0,157.0,4.1,261.6
I3310,주조,2024,5349.0,275.0,228.0,5.1,334.4
I3310,주조,2025,5457.0,187.0,178.0,3.4,264.6
I3311,조립금속,2010,20023.0,1099.0,810.0,5.5,325.5
I3311,조립금속,2011,23589.0,1378.0,835.0,5.8,336.6
I3311,조립금속,2012,25593.0,1384.0,980.0,5.4,295.5
I3311,조립금속,2013,26677.0,1434.0,970.0,5.4,333.0
I3311,조립금속,2014,28158.0,1522.0,1133.0,5.4,368.7
I3311,조립금속,2015,28690.0,1677.0,1135.0,5.8,450.9
I3311,조립금속,2016,29252.0,1609.0,1215.0,5.5,438.6
I3311,조립금속,2017,30768.0,1347.0,818.0,4.4,355.0
I3311,조립금속,2018,31635.0,1156.0,650.0,3.7,259.6
I3311,조립금속,2019,33762.0,1292.0,775.0,3.8,292.9
I3311,조립금속,2020,32007.0,1333.0,640.0,4.2,356.4
I3311,조립금속,2021,38004.0,1564.0,1245.0,4.1,420.6
I3311,조립금속,2022,42371.0,1996.0,1387.0,4.7,412.6
I3311,조립금속,2023,43939.0,2334.0,1743.0,5.3,322.7
I3311,조립금속,2024,45170.0,2389.0,1860.0,5.3,321.1
I3311,조립금속,2025,45357.0,2617.0,1993.0,5.8,394.5
I3312,조선,2010,45670.0,3790.0,2640.0,8.3,551.0
I3312,조선,2011,48112.0,3564.0,2157.0,7.4,639.4
I3312,조선,2012,47761.0,1562.0,171.0,3.3,240.4
I3312,조선,2013,45432.0,-1614.0,-5152.0,-3.6,-216.7
I3312,조선,2014,44369.0,-2172.0,-816.0,-4.9,-304.2
I3312,조선,2015,43093.0,-4245.0,-4707.0,-9.9,-499.3
I3312,조선,2016,38541.0,-1186.0,653.0,-3.1,-141.1
I3312,조선,2017,29289.0,223.0,236.0,0.8,62.8
I3312,조선,2018,25271.0,303.0,46.0,1.2,52.5
I3312,조선,2019,35063.0,18.0,-1457.0,0.1,3.2
I3312,조선,2020,35936.0,-651.0,267.0,-1.8,-89.1
I3312,조선,2021,32808.0,-4627.0,-4311.0,-14.1,-737.2
I3312,조선,2022,36186.0,-2732.0,-2888.0,-7.5,-474.9
I3312,조선,2023,47456.0,693.0,417.0,1.5,92.8
I3312,조선,2024,58249.0,3105.0,2954.0,5.3,379.0
I3312,조선,2025,60960.0,6803.0,5572.0,11.2,997.2
I3401,음식료,2010,46174.0,2863.0,2557.0,6.2,590.9
I3401,음식료,2011,54642.0,3144.0,2207.0,5.8,588.2
I3401,음식료,2012,61488.0,3357.0,2493.0,5.5,499.4
I3401,음식료,2013,63964.0,3606.0,2582.0,5.6,554.3
I3401,음식료,2014,65437.0,3465.0,2262.0,5.3,581.0
I3401,음식료,2015,68652.0,4088.0,2658.0,6.0,720.8
I3401,음식료,2016,71356.0,4371.0,3267.0,6.1,791.5
I3401,음식료,2017,76933.0,4285.0,3524.0,5.6,721.2
I3401,음식료,2018,81834.0,4428.0,3607.0,5.4,668.3
I3401,음식료,2019,88052.0,4361.0,2385.0,5.0,533.0
I3401,음식료,2020,93240.0,4727.0,3129.0,5.1,639.9
I3401,음식료,2021,102303.0,4982.0,3432.0,4.9,715.2
I3401,음식료,2022,115808.0,5145.0,2961.0,4.4,514.5
I3401,음식료,2023,123274.0,5953.0,4166.0,4.8,395.3
I3401,음식료,2024,125211.0,6460.0,4293.0,5.2,416.8
I3401,음식료,2025,129662.0,6651.0,2982.0,5.1,458.6
I3402,담배,2010,3235.0,1009.0,1036.0,31.2,13107.9
I3402,담배,2011,3295.0,1070.0,907.0,32.5,10119.6
I3402,담배,2012,3501.0,1187.0,934.0,33.9,13708.6
I3402,담배,2013,3442.0,1123.0,648.0,32.6,12847.2
I3402,담배,2014,3716.0,1260.0,899.0,33.9,16214.4
I3402,담배,2015,3924.0,1520.0,1205.0,38.7,28984.0
I3402,담배,2016,3998.0,1433.0,918.0,35.8,30658.3
I3402,담배,2017,4304.0,1375.0,1085.0,31.9,10659.3
I3402,담배,2018,4002.0,1121.0,862.0,28.0,4642.9
I3402,담배,2019,4228.0,1224.0,936.0,28.9,5129.9
I3402,담배,2020,4576.0,1450.0,1162.0,31.7,8644.4
I3402,담배,2021,4553.0,1166.0,916.0,25.6,12961.3
I3402,담배,2022,4953.0,1247.0,1033.0,25.2,13480.3
I3402,담배,2023,5002.0,1069.0,915.0,21.4,4957.5
I3402,담배,2024,5183.0,1142.0,1069.0,22.0,3103.9
I3402,담배,2025,5513.0,1139.0,1029.0,20.7,1521.4
I3403,섬유,2010,16198.0,1208.0,892.0,7.5,555.7
I3403,섬유,2011,18858.0,953.0,745.0,5.1,554.9
I3403,섬유,2012,18431.0,401.0,209.0,2.2,176.6
I3403,섬유,2013,18299.0,587.0,413.0,3.2,347.2
I3403,섬유,2014,17518.0,391.0,180.0,2.2,209.2
I3403,섬유,2015,16445.0,618.0,145.0,3.8,347.6
I3403,섬유,2016,16092.0,723.0,457.0,4.5,419.0
I3403,섬유,2017,16844.0,582.0,195.0,3.5,291.2
I3403,섬유,2018,19977.0,712.0,477.0,3.6,296.1
I3403,섬유,2019,21874.0,813.0,61.0,3.7,303.7
I3403,섬유,2020,19974.0,1231.0,1706.0,6.2,588.4
I3403,섬유,2021,24268.0,1546.0,1991.0,6.4,855.3
I3403,섬유,2022,25855.0,776.0,1334.0,3.0,298.1
I3403,섬유,2023,22269.0,392.0,111.0,1.8,105.0
I3403,섬유,2024,21774.0,651.0,374.0,3.0,167.9
I3403,섬유,2025,22071.0,606.0,812.0,2.7,160.2
I3404,의류,2010,18977.0,1332.0,1101.0,7.0,619.3
I3404,의류,2011,22377.0,1532.0,1055.0,6.8,596.0
I3404,의류,2012,24071.0,1427.0,802.0,5.9,485.5
I3404,의류,2013,25822.0,1553.0,1121.0,6.0,611.3
I3404,의류,2014,27165.0,1537.0,877.0,5.7,598.9
I3404,의류,2015,28738.0,1596.0,917.0,5.6,636.8
I3404,의류,2016,30349.0,1381.0,641.0,4.6,537.8
I3404,의류,2017,30657.0,1284.0,821.0,4.2,492.6
I3404,의류,2018,31504.0,1341.0,270.0,4.3,456.4
I3404,의류,2019,32137.0,1418.0,786.0,4.4,401.9
I3404,의류,2020,29114.0,955.0,144.0,3.3,318.6
I3404,의류,2021,33145.0,2165.0,1503.0,6.5,771.0
I3404,의류,2022,38939.0,3372.0,2437.0,8.7,903.2
I3404,의류,2023,35919.0,2863.0,2318.0,8.0,550.5
I3404,의류,2024,37472.0,2509.0,1680.0,6.7,439.8
I3404,의류,2025,38771.0,2477.0,1527.0,6.4,441.8
I3405,가죽신발,2010,4509.0,367.0,314.0,8.1,912.2
I3405,가죽신발,2011,5276.0,395.0,291.0,7.5,855.9
I3405,가죽신발,2012,5798.0,432.0,355.0,7.4,802.6
I3405,가죽신발,2013,6383.0,510.0,492.0,8.0,933.0
I3405,가죽신발,2014,6152.0,394.0,397.0,6.4,675.3
I3405,가죽신발,2015,6732.0,474.0,511.0,7.0,827.1
I3405,가죽신발,2016,7446.0,622.0,453.0,8.4,1267.9
I3405,가죽신발,2017,7897.0,612.0,413.0,7.7,1229.0
I3405,가죽신발,2018,8257.0,597.0,529.0,7.2,1197.8
I3405,가죽신발,2019,9200.0,708.0,543.0,7.7,1288.3
I3405,가죽신발,2020,7497.0,414.0,239.0,5.5,654.1
I3405,가죽신발,2021,7996.0,560.0,479.0,7.0,1182.2
I3405,가죽신발,2022,9623.0,683.0,721.0,7.1,1061.5
I3405,가죽신발,2023,8908.0,690.0,974.0,7.7,727.6
I3405,가죽신발,2024,9545.0,775.0,963.0,8.1,843.8
I3405,가죽신발,2025,9839.0,694.0,925.0,7.1,761.3
I3406,목재,2010,1887.0,80.0,35.0,4.3,139.7
I3406,목재,2011,2212.0,111.0,51.0,5.0,185.3
I3406,목재,2012,2338.0,80.0,36.0,3.4,132.8
I3406,목재,2013,2592.0,105.0,77.0,4.1,219.6
I3406,목재,2014,3132.0,152.0,101.0,4.9,300.8
I3406,목재,2015,3409.0,179.0,120.0,5.2,375.2
I3406,목재,2016,3458.0,206.0,189.0,6.0,458.5
I3406,목재,2017,3617.0,177.0,95.0,4.9,374.1
I3406,목재,2018,3783.0,146.0,87.0,3.9,260.0
I3406,목재,2019,3466.0,84.0,38.0,2.4,129.8
I3406,목재,2020,3410.0,136.0,114.0,4.0,226.4
I3406,목재,2021,4413.0,242.0,212.0,5.5,428.4
I3406,목재,2022,4435.0,110.0,84.0,2.5,136.3
I3406,목재,2023,4191.0,5.0,-240.0,0.1,4.5
I3406,목재,2024,3943.0,33.0,-105.0,0.8,26.8
I3406,목재,2025,3471.0,40.0,-49.0,1.2,35.0
I3407,제지,2010,11147.0,635.0,488.0,5.7,418.0
I3407,제지,2011,12447.0,529.0,347.0,4.3,291.3
I3407,제지,2012,12671.0,856.0,688.0,6.8,441.4
I3407,제지,2013,12887.0,670.0,434.0,5.2,409.0
I3407,제지,2014,12751.0,585.0,342.0,4.6,374.4
I3407,제지,2015,14046.0,548.0,136.0,3.9,327.3
I3407,제지,2016,14534.0,836.0,627.0,5.8,527.1
I3407,제지,2017,15851.0,555.0,378.0,3.5,335.7
I3407,제지,2018,16774.0,1080.0,697.0,6.4,566.6
I3407,제지,2019,17070.0,1061.0,648.0,6.2,533.7
I3407,제지,2020,17088.0,1151.0,874.0,6.7,645.4
I3407,제지,2021,20485.0,1139.0,964.0,5.6,675.5
I3407,제지,2022,22984.0,1268.0,909.0,5.5,553.8
I3407,제지,2023,22283.0,1117.0,828.0,5.0,355.5
I3407,제지,2024,23359.0,875.0,641.0,3.7,269.4
I3407,제지,2025,23554.0,681.0,374.0,2.9,225.5
I3408,인쇄,2010,1421.0,70.0,65.0,4.9,322.6
I3408,인쇄,2011,1568.0,78.0,50.0,5.0,307.7
I3408,인쇄,2012,1704.0,87.0,39.0,5.1,287.7
I3408,인쇄,2013,1798.0,86.0,46.0,4.8,288.1
I3408,인쇄,2014,1861.0,85.0,74.0,4.6,294.0
I3408,인쇄,2015,2001.0,106.0,76.0,5.3,403.5
I3408,인쇄,2016,2139.0,126.0,85.0,5.9,490.2
I3408,인쇄,2017,2237.0,112.0,118.0,5.0,376.7
I3408,인쇄,2018,2340.0,107.0,104.0,4.6,286.7
I3408,인쇄,2019,2575.0,138.0,111.0,5.4,343.4
I3408,인쇄,2020,2734.0,141.0,206.0,5.2,386.4
I3408,인쇄,2021,3097.0,145.0,128.0,4.7,365.8
I3408,인쇄,2022,3303.0,116.0,119.0,3.5,234.7
I3408,인쇄,2023,3455.0,108.0,101.0,3.1,147.1
I3408,인쇄,2024,3613.0,131.0,141.0,3.6,175.7
I3408,인쇄,2025,3650.0,105.0,182.0,2.9,142.6
I3409,가구,2010,4254.0,243.0,199.0,5.7,653.7
I3409,가구,2011,4863.0,225.0,194.0,4.6,534.8
I3409,가구,2012,4739.0,177.0,129.0,3.7,411.8
I3409,가구,2013,5071.0,200.0,169.0,3.9,480.7
I3409,가구,2014,5657.0,239.0,207.0,4.2,658.5
I3409,가구,2015,6171.0,306.0,282.0,5.0,946.7
I3409,가구,2016,6571.0,334.0,299.0,5.1,1012.3
I3409,가구,2017,7131.0,357.0,266.0,5.0,899.4
I3409,가구,2018,7827.0,295.0,222.0,3.8,660.6
I3409,가구,2019,7550.0,269.0,199.0,3.6,514.0
I3409,가구,2020,7705.0,356.0,336.0,4.6,792.8
I3409,가구,2021,8330.0,303.0,301.0,3.6,642.7
I3409,가구,2022,8549.0,148.0,79.0,1.7,231.2
I3409,가구,2023,9262.0,326.0,234.0,3.5,373.2
I3409,가구,2024,10006.0,404.0,297.0,4.0,394.1
I3409,가구,2025,9413.0,341.0,241.0,3.6,370.6
I3410,기타 제조업,2010,2051.0,144.0,89.0,7.0,344.1
I3410,기타 제조업,2011,2527.0,182.0,117.0,7.2,413.0
I3410,기타 제조업,2012,2809.0,207.0,132.0,7.4,474.2
I3410,기타 제조업,2013,2978.0,195.0,166.0,6.5,473.8
I3410,기타 제조업,2014,3259.0,245.0,149.0,7.5,564.2
I3410,기타 제조업,2015,3516.0,299.0,216.0,8.5,812.7
I3410,기타 제조업,2016,3796.0,345.0,227.0,9.1,1079.1
I3410,기타 제조업,2017,3796.0,296.0,169.0,7.8,906.4
I3410,기타 제조업,2018,3955.0,299.0,248.0,7.6,803.5
I3410,기타 제조업,2019,4252.0,191.0,154.0,4.5,415.2
I3410,기타 제조업,2020,4324.0,222.0,136.0,5.1,459.4
I3410,기타 제조업,2021,4967.0,223.0,152.0,4.5,485.2
I3410,기타 제조업,2022,7075.0,382.0,343.0,5.4,580.5
I3410,기타 제조업,2023,9238.0,390.0,95.0,4.2,329.7
I3410,기타 제조업,2024,9165.0,254.0,116.0,2.8,187.9
I3410,기타 제조업,2025,9742.0,328.0,281.0,3.4,289.5
