ecos_indent,ecos_name,ecos_parent_path,ecos_weight,io_match_count,io_matched_codes
0,총지수,,1000.0,0,
2,농림수산품,총지수,43.7,0,
4,농림수산품,총지수 > 농림수산품,43.7,0,
6,농산물,총지수 > 농림수산품 > 농림수산품,19.3,0,
8,곡물및식량작물,총지수 > 농림수산품 > 농림수산품 > 농산물,9.4,0,
10,곡류,총지수 > 농림수산품 > 농림수산품 > 농산물 > 곡물및식량작물,0.7,0,
10,맥류및잡곡,총지수 > 농림수산품 > 농림수산품 > 농산물 > 곡물및식량작물,7.3,1,0112(맥류 및 잡곡)
10,콩류,총지수 > 농림수산품 > 농림수산품 > 농산물 > 곡물및식량작물,1.4,1,0113(콩류)
8,채소및과실,총지수 > 농림수산품 > 농림수산품 > 농산물,2.6,0,
10,과일,총지수 > 농림수산품 > 농림수산품 > 농산물 > 채소및과실,2.6,0,
8,기타작물,총지수 > 농림수산품 > 농림수산품 > 농산물,7.3,0,
10,잎담배,총지수 > 농림수산품 > 농림수산품 > 농산물 > 기타작물,0.7,1,0193(잎담배)
10,천연고무,총지수 > 농림수산품 > 농림수산품 > 농산물 > 기타작물,1.4,1,0194(천연고무)
10,기타식용작물,총지수 > 농림수산품 > 농림수산품 > 농산물 > 기타작물,4.4,1,0196(기타식용작물)
10,기타비식용작물,총지수 > 농림수산품 > 농림수산품 > 농산물 > 기타작물,0.8,1,0199(기타 비식용작물)
6,축산물,총지수 > 농림수산품 > 농림수산품,14.4,0,
8,낙농및육류,총지수 > 농림수산품 > 농림수산품 > 축산물,14.4,0,
10,도축육,총지수 > 농림수산품 > 농림수산품 > 축산물 > 낙농및육류,13.4,1,0811(도축육)
10,가금육,총지수 > 농림수산품 > 농림수산품 > 축산물 > 낙농및육류,1,1,0812(가금육)
6,임산물,총지수 > 농림수산품 > 농림수산품,0.9,0,
8,임산물,총지수 > 농림수산품 > 농림수산품 > 임산물,0.9,0,
10,원목,총지수 > 농림수산품 > 농림수산품 > 임산물 > 임산물,0.9,1,0302(원목)
6,수산물,총지수 > 농림수산품 > 농림수산품,9.1,0,
8,신선수산물,총지수 > 농림수산품 > 농림수산품 > 수산물,1.8,0,
10,신선수산물,총지수 > 농림수산품 > 농림수산품 > 수산물 > 신선수산물,1.8,0,
8,냉동건조수산물,총지수 > 농림수산품 > 농림수산품 > 수산물,7.3,0,
10,냉동수산물,총지수 > 농림수산품 > 농림수산품 > 수산물 > 냉동건조수산물,7.3,0,
2,광산품,총지수,249.6,0,
4,광산품,총지수 > 광산품,249.6,0,
6,"석탄,원유및천연가스",총지수 > 광산품 > 광산품,203.1,0,
8,석탄,"총지수 > 광산품 > 광산품 > 석탄,원유및천연가스",25.8,0,
10,무연탄,"총지수 > 광산품 > 광산품 > 석탄,원유및천연가스 > 석탄",1.3,1,0611(무연탄)
10,유연탄,"총지수 > 광산품 > 광산품 > 석탄,원유및천연가스 > 석탄",24.5,1,0612(유연탄)
8,원유및천연가스,"총지수 > 광산품 > 광산품 > 석탄,원유및천연가스",177.3,0,
10,원유,"총지수 > 광산품 > 광산품 > 석탄,원유및천연가스 > 원유및천연가스",122.5,1,0621(원유)
10,천연가스(LNG),"총지수 > 광산품 > 광산품 > 석탄,원유및천연가스 > 원유및천연가스",54.8,1,0622(천연가스(LNG) )
6,금속및비금속광물,총지수 > 광산품 > 광산품,46.5,0,
8,금속광물,총지수 > 광산품 > 광산품 > 금속및비금속광물,44.6,0,
10,철광석,총지수 > 광산품 > 광산품 > 금속및비금속광물 > 금속광물,15.7,1,0711(철광석)
10,기타비철금속광석,총지수 > 광산품 > 광산품 > 금속및비금속광물 > 금속광물,28.9,1,0719(기타 비철금속광석)
8,비금속광물,총지수 > 광산품 > 광산품 > 금속및비금속광물,1.9,0,
10,기타비금속광물,총지수 > 광산품 > 광산품 > 금속및비금속광물 > 비금속광물,1.9,1,0729(기타 비금속광물)
2,공산품,총지수,706.7,0,
4,음식료품,총지수 > 공산품,40.7,0,
6,식료품,총지수 > 공산품 > 음식료품,36.2,0,
8,육가공품및낙농품,총지수 > 공산품 > 음식료품 > 식료품,4.5,0,
10,낙농품,총지수 > 공산품 > 음식료품 > 식료품 > 육가공품및낙농품,4.5,1,0814(낙농품)
8,수산가공품,총지수 > 공산품 > 음식료품 > 식료품,2.1,0,
10,수산물가공품,총지수 > 공산품 > 음식료품 > 식료품 > 수산가공품,2.1,1,0821(수산물 가공품)
8,제당및전분,총지수 > 공산품 > 음식료품 > 식료품,2.5,0,
10,원당,총지수 > 공산품 > 음식료품 > 식료품 > 제당및전분,2.5,1,0841(원당)
8,"떡,과자및면류",총지수 > 공산품 > 음식료품 > 식료품,3.4,0,
10,"떡,빵및과자류","총지수 > 공산품 > 음식료품 > 식료품 > 떡,과자및면류",3.4,1,"0851(떡, 빵 및 과자류)"
8,조미료및유지,총지수 > 공산품 > 음식료품 > 식료품,6.7,0,
10,유지,총지수 > 공산품 > 음식료품 > 식료품 > 조미료및유지,6.7,1,0862(유지)
8,기타식료품,총지수 > 공산품 > 음식료품 > 식료품,17,1,0879(기타 식료품)
10,과실및채소가공품,총지수 > 공산품 > 음식료품 > 식료품 > 기타식료품,17,1,0871(과실 및 채소 가공품)
10,인삼및건강보조식품,총지수 > 공산품 > 음식료품 > 식료품 > 기타식료품,0.0,1,0873(인삼 및 건강보조 식품)
6,음료품,총지수 > 공산품 > 음식료품,4.5,0,
8,주류,총지수 > 공산품 > 음식료품 > 음료품,4.5,0,
10,맥주,총지수 > 공산품 > 음식료품 > 음료품 > 주류,0.9,1,0913(맥주)
10,기타주류,총지수 > 공산품 > 음식료품 > 음료품 > 주류,3.6,1,0919(기타 주류)
4,섬유및가죽제품,총지수 > 공산품,43.1,0,
6,섬유및의복,총지수 > 공산품 > 섬유및가죽제품,28.3,0,
8,섬유사,총지수 > 공산품 > 섬유및가죽제품 > 섬유및의복,2.8,0,
10,천연및화학섬유사,총지수 > 공산품 > 섬유및가죽제품 > 섬유및의복 > 섬유사,2.8,1,1111(천연 및 화학섬유사)
8,섬유직물,총지수 > 공산품 > 섬유및가죽제품 > 섬유및의복,1.9,0,
10,천연및화학섬유직물,총지수 > 공산품 > 섬유및가죽제품 > 섬유및의복 > 섬유직물,1.9,1,1121(천연 및 화학 섬유직물)
8,직물제품,총지수 > 공산품 > 섬유및가죽제품 > 섬유및의복,4.1,1,1141(직물제품)
10,부직포및펠트,총지수 > 공산품 > 섬유및가죽제품 > 섬유및의복 > 직물제품,4.1,1,1142(부직포 및 펠트)
8,의복제품,총지수 > 공산품 > 섬유및가죽제품 > 섬유및의복,19.5,0,
10,봉제의류,총지수 > 공산품 > 섬유및가죽제품 > 섬유및의복 > 의복제품,10.2,1,1151(봉제 의류)
10,편조의류,총지수 > 공산품 > 섬유및가죽제품 > 섬유및의복 > 의복제품,9.3,1,1152(편조의류)
6,가죽제품,총지수 > 공산품 > 섬유및가죽제품,14.8,0,
8,가죽제품,총지수 > 공산품 > 섬유및가죽제품 > 가죽제품,14.8,0,
10,가죽,총지수 > 공산품 > 섬유및가죽제품 > 가죽제품 > 가죽제품,0.3,1,1201(가죽)
10,가방및핸드백,총지수 > 공산품 > 섬유및가죽제품 > 가죽제품 > 가죽제품,7,1,1203(가방 및 핸드백)
10,신발,총지수 > 공산품 > 섬유및가죽제품 > 가죽제품 > 가죽제품,7.5,1,1204(신발)
4,목재및종이제품,총지수 > 공산품,11.8,0,
6,목재및목제품,총지수 > 공산품 > 목재및종이제품,5.1,0,
8,목재,총지수 > 공산품 > 목재및종이제품 > 목재및목제품,5.1,0,
10,제재목,총지수 > 공산품 > 목재및종이제품 > 목재및목제품 > 목재,3.1,1,1311(제재목)
10,합판,총지수 > 공산품 > 목재및종이제품 > 목재및목제품 > 목재,1.5,1,1312(합판)
10,강화및재생목재,총지수 > 공산품 > 목재및종이제품 > 목재및목제품 > 목재,0.5,1,1313(강화 및 재생목재)
6,펄프및종이제품,총지수 > 공산품 > 목재및종이제품,6.7,0,
8,펄프,총지수 > 공산품 > 목재및종이제품 > 펄프및종이제품,3.6,1,1410(펄프)
10,펄프,총지수 > 공산품 > 목재및종이제품 > 펄프및종이제품 > 펄프,3.6,1,1410(펄프)
8,종이류,총지수 > 공산품 > 목재및종이제품 > 펄프및종이제품,3.1,0,
10,인쇄용지,총지수 > 공산품 > 목재및종이제품 > 펄프및종이제품 > 종이류,0.5,1,1421(인쇄용지)
10,기타원지및판지,총지수 > 공산품 > 목재및종이제품 > 펄프및종이제품 > 종이류,2.6,1,1429(기타 원지 및 판지)
4,석탄및석유제품,총지수 > 공산품,52.5,0,
6,석탄및석유제품,총지수 > 공산품 > 석탄및석유제품,52.5,0,
8,석탄제품,총지수 > 공산품 > 석탄및석유제품 > 석탄및석유제품,0.2,0,
10,석탄코크스및석탄관련제품,총지수 > 공산품 > 석탄및석유제품 > 석탄및석유제품 > 석탄제품,0.2,1,1611(석탄코크스 및 석탄 관련제품)
8,원유정제처리제품,총지수 > 공산품 > 석탄및석유제품 > 석탄및석유제품,52.3,0,
10,나프타,총지수 > 공산품 > 석탄및석유제품 > 석탄및석유제품 > 원유정제처리제품,29.4,1,1621(나프타)
10,제트유,총지수 > 공산품 > 석탄및석유제품 > 석탄및석유제품 > 원유정제처리제품,4.1,1,1623(제트유)
10,경유,총지수 > 공산품 > 석탄및석유제품 > 석탄및석유제품 > 원유정제처리제품,0.8,1,1625(경유)
10,중유,총지수 > 공산품 > 석탄및석유제품 > 석탄및석유제품 > 원유정제처리제품,8,1,1626(중유)
10,액화석유가스,총지수 > 공산품 > 석탄및석유제품 > 석탄및석유제품 > 원유정제처리제품,8.4,1,1627(액화석유가스)
10,정제혼합용원료유,총지수 > 공산품 > 석탄및석유제품 > 석탄및석유제품 > 원유정제처리제품,1.6,1,1628(정제혼합용 원료유)
4,화학제품,총지수 > 공산품,112.3,0,
6,기초화학물질,총지수 > 공산품 > 화학제품,48.9,0,
8,기초유기화학물질,총지수 > 공산품 > 화학제품 > 기초화학물질,23.3,0,
10,지방족기초유분,총지수 > 공산품 > 화학제품 > 기초화학물질 > 기초유기화학물질,1.5,1,1711(지방족 기초유분)
10,방향족기초유분,총지수 > 공산품 > 화학제품 > 기초화학물질 > 기초유기화학물질,1.4,1,1712(방향족 기초유분)
10,석유화학중간제품,총지수 > 공산품 > 화학제품 > 기초화학물질 > 기초유기화학물질,8.5,1,1713(석유화학중간제품)
10,기타기초유기화합물,총지수 > 공산품 > 화학제품 > 기초화학물질 > 기초유기화학물질,11.9,1,1719(기타 기초유기화합물)
8,기초무기화학물질,총지수 > 공산품 > 화학제품 > 기초화학물질,25.6,0,
10,기초무기화합물,총지수 > 공산품 > 화학제품 > 기초화학물질 > 기초무기화학물질,22.9,1,1722(기초무기화합물)
10,"염료,안료및유연제",총지수 > 공산품 > 화학제품 > 기초화학물질 > 기초무기화학물질,2.7,1,"1723(염료, 안료 및 유연제)"
6,합성수지및합성고무,총지수 > 공산품 > 화학제품,9.3,0,
8,합성수지및합성고무,총지수 > 공산품 > 화학제품 > 합성수지및합성고무,9.3,0,
10,합성수지,총지수 > 공산품 > 화학제품 > 합성수지및합성고무 > 합성수지및합성고무,8.5,1,1801(합성수지)
10,합성고무,총지수 > 공산품 > 화학제품 > 합성수지및합성고무 > 합성수지및합성고무,0.8,1,1802(합성고무)
6,화학섬유,총지수 > 공산품 > 화학제품,0.4,1,1900(화학섬유)
8,화학섬유,총지수 > 공산품 > 화학제품 > 화학섬유,0.4,1,1900(화학섬유)
10,화학섬유,총지수 > 공산품 > 화학제품 > 화학섬유 > 화학섬유,0.4,1,1900(화학섬유)
6,의약품,총지수 > 공산품 > 화학제품,17.9,1,2000(의약품)
8,의약품,총지수 > 공산품 > 화학제품 > 의약품,17.9,1,2000(의약품)
10,의약품,총지수 > 공산품 > 화학제품 > 의약품 > 의약품,17.9,1,2000(의약품)
6,비료및농약,총지수 > 공산품 > 화학제품,2.8,0,
8,비료및농약,총지수 > 공산품 > 화학제품 > 비료및농약,2.8,0,
10,비료및질소화합물,총지수 > 공산품 > 화학제품 > 비료및농약 > 비료및농약,2.8,1,2101(비료 및 질소화합물)
6,기타화학제품,총지수 > 공산품 > 화학제품,16.8,1,2299(기타 화학제품)
8,도료및잉크,총지수 > 공산품 > 화학제품 > 기타화학제품,1.6,0,
10,도료,총지수 > 공산품 > 화학제품 > 기타화학제품 > 도료및잉크,1.6,1,2211(도료)
8,비누및화장품,총지수 > 공산품 > 화학제품 > 기타화학제품,4.8,0,
10,화장품,총지수 > 공산품 > 화학제품 > 기타화학제품 > 비누및화장품,4.8,1,2222(화장품)
8,기타화학제품,총지수 > 공산품 > 화학제품 > 기타화학제품,10.4,1,2299(기타 화학제품)
10,접착제및젤라틴,총지수 > 공산품 > 화학제품 > 기타화학제품 > 기타화학제품,0.9,1,2291(접착제 및 젤라틴)
10,사진용화학제품및감광재료,총지수 > 공산품 > 화학제품 > 기타화학제품 > 기타화학제품,0.7,1,2292(사진용 화학제품 및 감광재료)
10,기타화학제품,총지수 > 공산품 > 화학제품 > 기타화학제품 > 기타화학제품,8.8,1,2299(기타 화학제품)
6,플라스틱제품,총지수 > 공산품 > 화학제품,12.7,0,
8,플라스틱1차제품,총지수 > 공산품 > 화학제품 > 플라스틱제품,12.7,1,2310(플라스틱 1차제품)
10,플라스틱1차제품,총지수 > 공산품 > 화학제품 > 플라스틱제품 > 플라스틱1차제품,12.7,1,2310(플라스틱 1차제품)
6,고무제품,총지수 > 공산품 > 화학제품,3.5,0,
8,타이어및튜브,총지수 > 공산품 > 화학제품 > 고무제품,3.5,1,2410(타이어 및 튜브)
10,타이어및튜브,총지수 > 공산품 > 화학제품 > 고무제품 > 타이어및튜브,3.5,1,2410(타이어 및 튜브)
4,비금속광물제품,총지수 > 공산품,9.7,0,
6,유리및유리제품,총지수 > 공산품 > 비금속광물제품,4,0,
8,유리및유리제품,총지수 > 공산품 > 비금속광물제품 > 유리및유리제품,4,0,
10,판유리및1차유리제품,총지수 > 공산품 > 비금속광물제품 > 유리및유리제품 > 유리및유리제품,0.9,1,2501(판유리 및 1차 유리제품)
10,산업용유리제품(전자기기용제외),총지수 > 공산품 > 비금속광물제품 > 유리및유리제품 > 유리및유리제품,3.1,1,2503(산업용 유리제품(전자기기용 제외))
6,기타비금속광물제품,총지수 > 공산품 > 비금속광물제품,5.7,1,2699(기타 비금속광물 제품)
8,기타비금속광물제품,총지수 > 공산품 > 비금속광물제품 > 기타비금속광물제품,5.7,1,2699(기타 비금속광물 제품)
10,석제품,총지수 > 공산품 > 비금속광물제품 > 기타비금속광물제품 > 기타비금속광물제품,3.2,1,2692(석제품)
10,기타비금속광물제품,총지수 > 공산품 > 비금속광물제품 > 기타비금속광물제품 > 기타비금속광물제품,2.5,1,2699(기타 비금속광물 제품)
4,1차금속제품,총지수 > 공산품,76.9,0,
6,철강1차제품,총지수 > 공산품 > 1차금속제품,27.8,0,
8,선철및조강,총지수 > 공산품 > 1차금속제품 > 철강1차제품,7.5,0,
10,선철,총지수 > 공산품 > 1차금속제품 > 철강1차제품 > 선철및조강,3.4,1,2711(선철)
10,합금철,총지수 > 공산품 > 1차금속제품 > 철강1차제품 > 선철및조강,2.7,1,2712(합금철)
10,조강,총지수 > 공산품 > 1차금속제품 > 철강1차제품 > 선철및조강,1.4,1,2713(조강)
8,열간압연강재,총지수 > 공산품 > 1차금속제품 > 철강1차제품,14.9,0,
10,철근및봉강,총지수 > 공산품 > 1차금속제품 > 철강1차제품 > 열간압연강재,3.4,1,2721(철근 및 봉강)
10,형강,총지수 > 공산품 > 1차금속제품 > 철강1차제품 > 열간압연강재,1.1,1,2722(형강)
10,중후판(두께3mm이상),총지수 > 공산품 > 1차금속제품 > 철강1차제품 > 열간압연강재,2.9,1,2724(중후판(두께 3mm 이상))
10,열연강판,총지수 > 공산품 > 1차금속제품 > 철강1차제품 > 열간압연강재,5.1,1,2725(열연강판)
10,철강관,총지수 > 공산품 > 1차금속제품 > 철강1차제품 > 열간압연강재,2.4,1,2727(철강관)
8,냉간압연강재,총지수 > 공산품 > 1차금속제품 > 철강1차제품,2.6,1,2730(냉간압연강재)
10,냉간압연강재,총지수 > 공산품 > 1차금속제품 > 철강1차제품 > 냉간압연강재,2.6,1,2730(냉간압연강재)
8,기타철강1차제품,총지수 > 공산품 > 1차금속제품 > 철강1차제품,2.8,1,2799(기타 철강1차제품)
10,표면처리강재,총지수 > 공산품 > 1차금속제품 > 철강1차제품 > 기타철강1차제품,2.8,1,2791(표면처리강재)
6,비철금속괴및1차제품,총지수 > 공산품 > 1차금속제품,49.1,0,
8,비철금속괴,총지수 > 공산품 > 1차금속제품 > 비철금속괴및1차제품,37.6,0,
10,"동제련,정련및합금제품",총지수 > 공산품 > 1차금속제품 > 비철금속괴및1차제품 > 비철금속괴,13.7,1,"2811(동 제련, 정련 및 합금제품)"
10,"알루미늄제련,정련및합금제품",총지수 > 공산품 > 1차금속제품 > 비철금속괴및1차제품 > 비철금속괴,12.6,1,"2812(알루미늄 제련, 정련 및 합금제품)"
10,"연및아연제련,정련및합금제품",총지수 > 공산품 > 1차금속제품 > 비철금속괴및1차제품 > 비철금속괴,0.9,1,"2813(연 및 아연 제련, 정련 및 합금제품)"
10,금은괴,총지수 > 공산품 > 1차금속제품 > 비철금속괴및1차제품 > 비철금속괴,7.1,1,2814(금은괴)
10,"기타비철금속제련,정련및합금제품",총지수 > 공산품 > 1차금속제품 > 비철금속괴및1차제품 > 비철금속괴,3.3,1,"2819(기타 비철금속 제련, 정련 및 합금제품)"
8,비철금속1차제품,총지수 > 공산품 > 1차금속제품 > 비철금속괴및1차제품,11.5,0,
10,동1차제품,총지수 > 공산품 > 1차금속제품 > 비철금속괴및1차제품 > 비철금속1차제품,2.3,1,2821(동 1차제품)
10,알루미늄1차제품,총지수 > 공산품 > 1차금속제품 > 비철금속괴및1차제품 > 비철금속1차제품,4.2,1,2822(알루미늄 1차제품)
10,기타비철금속1차제품,총지수 > 공산품 > 1차금속제품 > 비철금속괴및1차제품 > 비철금속1차제품,5,1,2829(기타 비철금속 1차제품)
4,금속가공제품,총지수 > 공산품,9.1,0,
6,금속가공제품,총지수 > 공산품 > 금속가공제품,9.1,0,
8,기타금속가공제품,총지수 > 공산품 > 금속가공제품 > 금속가공제품,9.1,0,
10,공구류,총지수 > 공산품 > 금속가공제품 > 금속가공제품 > 기타금속가공제품,3.2,1,3093(공구류)
10,나사및철선제품,총지수 > 공산품 > 금속가공제품 > 금속가공제품 > 기타금속가공제품,5.9,1,3094(나사 및 철선 제품)
4,"컴퓨터,전자및광학기기",총지수 > 공산품,164.7,0,
6,반도체,"총지수 > 공산품 > 컴퓨터,전자및광학기기",64.2,0,
8,반도체,"총지수 > 공산품 > 컴퓨터,전자및광학기기 > 반도체",64.2,0,
10,개별소자,"총지수 > 공산품 > 컴퓨터,전자및광학기기 > 반도체 > 반도체",12.8,1,3101(개별소자)
10,집적회로,"총지수 > 공산품 > 컴퓨터,전자및광학기기 > 반도체 > 반도체",51.4,1,3102(집적회로)
6,전자표시장치,"총지수 > 공산품 > 컴퓨터,전자및광학기기",6.5,0,
8,전자표시장치,"총지수 > 공산품 > 컴퓨터,전자및광학기기 > 전자표시장치",6.5,0,
10,LCD평판디스플레이,"총지수 > 공산품 > 컴퓨터,전자및광학기기 > 전자표시장치 > 전자표시장치",6.5,1,3201(LCD 평판 디스플레이)
6,기타전자부품,"총지수 > 공산품 > 컴퓨터,전자및광학기기",10.7,1,3399(기타 전자부품)
8,인쇄회로기판,"총지수 > 공산품 > 컴퓨터,전자및광학기기 > 기타전자부품",4.9,0,
10,인쇄회로기판및실장기판,"총지수 > 공산품 > 컴퓨터,전자및광학기기 > 기타전자부품 > 인쇄회로기판",4.9,1,3310(인쇄회로기판 및 실장기판)
8,기타전자부품,"총지수 > 공산품 > 컴퓨터,전자및광학기기 > 기타전자부품",5.8,1,3399(기타 전자부품)
10,"축전기,저항기,전자코일및변성기","총지수 > 공산품 > 컴퓨터,전자및광학기기 > 기타전자부품 > 기타전자부품",3.8,1,"3391(축전기, 저항기, 전자코일 및 변성기)"
10,기타전자부품,"총지수 > 공산품 > 컴퓨터,전자및광학기기 > 기타전자부품 > 기타전자부품",2,1,3399(기타 전자부품)
6,컴퓨터및주변기기,"총지수 > 공산품 > 컴퓨터,전자및광학기기",18,0,
8,컴퓨터및주변기기,"총지수 > 공산품 > 컴퓨터,전자및광학기기 > 컴퓨터및주변기기",18,0,
10,컴퓨터,"총지수 > 공산품 > 컴퓨터,전자및광학기기 > 컴퓨터및주변기기 > 컴퓨터및주변기기",9.2,1,3401(컴퓨터)
10,컴퓨터기억장치,"총지수 > 공산품 > 컴퓨터,전자및광학기기 > 컴퓨터및주변기기 > 컴퓨터및주변기기",2.4,1,3402(컴퓨터 기억장치)
10,컴퓨터주변기기,"총지수 > 공산품 > 컴퓨터,전자및광학기기 > 컴퓨터및주변기기 > 컴퓨터및주변기기",6.4,1,3409(컴퓨터 주변기기)
6,"통신,방송및영상,음향기기","총지수 > 공산품 > 컴퓨터,전자및광학기기",24.7,0,
8,통신및방송장비,"총지수 > 공산품 > 컴퓨터,전자및광학기기 > 통신,방송및영상,음향기기",20.6,0,
10,유선통신기기,"총지수 > 공산품 > 컴퓨터,전자및광학기기 > 통신,방송및영상,음향기기 > 통신및방송장비",2.5,1,3511(유선통신기기)
10,이동전화기,"총지수 > 공산품 > 컴퓨터,전자및광학기기 > 통신,방송및영상,음향기기 > 통신및방송장비",11.7,1,3512(이동전화기)
10,기타무선통신장비및방송장비,"총지수 > 공산품 > 컴퓨터,전자및광학기기 > 통신,방송및영상,음향기기 > 통신및방송장비",6.4,1,3519(기타 무선통신장비 및 방송장비)
8,영상및음향기기,"총지수 > 공산품 > 컴퓨터,전자및광학기기 > 통신,방송및영상,음향기기",4.1,0,
10,TV,"총지수 > 공산품 > 컴퓨터,전자및광학기기 > 통신,방송및영상,음향기기 > 영상및음향기기",1.7,1,3521(TV)
10,오디오및음향기기,"총지수 > 공산품 > 컴퓨터,전자및광학기기 > 통신,방송및영상,음향기기 > 영상및음향기기",2.4,1,3523(오디오 및 음향기기)
6,정밀기기,"총지수 > 공산품 > 컴퓨터,전자및광학기기",40.6,0,
8,의료및측정기기,"총지수 > 공산품 > 컴퓨터,전자및광학기기 > 정밀기기",33.3,0,
10,의료용기기,"총지수 > 공산품 > 컴퓨터,전자및광학기기 > 정밀기기 > 의료및측정기기",10.1,1,3611(의료용 기기)
10,측정및분석기기,"총지수 > 공산품 > 컴퓨터,전자및광학기기 > 정밀기기 > 의료및측정기기",23.2,1,3612(측정 및 분석기기)
8,기타정밀기기,"총지수 > 공산품 > 컴퓨터,전자및광학기기 > 정밀기기",7.3,0,
10,사진기및영사기,"총지수 > 공산품 > 컴퓨터,전자및광학기기 > 정밀기기 > 기타정밀기기",0.9,1,3691(사진기 및 영사기)
10,기타광학기기,"총지수 > 공산품 > 컴퓨터,전자및광학기기 > 정밀기기 > 기타정밀기기",4.6,1,3692(기타광학기기)
10,시계,"총지수 > 공산품 > 컴퓨터,전자및광학기기 > 정밀기기 > 기타정밀기기",1.8,1,3693(시계)
4,전기장비,총지수 > 공산품,52.9,0,
6,전기장비,총지수 > 공산품 > 전기장비,52.9,0,
8,발전기및전동기,총지수 > 공산품 > 전기장비 > 전기장비,7.9,1,3710(발전기 및 전동기)
10,발전기및전동기,총지수 > 공산품 > 전기장비 > 전기장비 > 발전기및전동기,7.9,1,3710(발전기 및 전동기)
8,전기변환.공급제어장치,총지수 > 공산품 > 전기장비 > 전기장비,13.5,0,
10,전기변환장치,총지수 > 공산품 > 전기장비 > 전기장비 > 전기변환.공급제어장치,4.8,1,3722(전기변환장치)
10,전기회로개폐및접속장치,총지수 > 공산품 > 전기장비 > 전기장비 > 전기변환.공급제어장치,5.2,1,3723(전기회로 개폐 및 접속장치)
10,배전반및전기자동제어반,총지수 > 공산품 > 전기장비 > 전기장비 > 전기변환.공급제어장치,3.5,1,3724(배전반 및 전기자동 제어반)
8,전지,총지수 > 공산품 > 전기장비 > 전기장비,15.2,1,3730(전지)
10,전지,총지수 > 공산품 > 전기장비 > 전기장비 > 전지,15.2,1,3730(전지)
8,전선및케이블,총지수 > 공산품 > 전기장비 > 전기장비,2.1,1,3740(전선 및 케이블)
10,전선및케이블,총지수 > 공산품 > 전기장비 > 전기장비 > 전선및케이블,2.1,1,3740(전선 및 케이블)
8,가정용전기기기,총지수 > 공산품 > 전기장비 > 전기장비,6.4,0,
10,주방용및난방용전기기기,총지수 > 공산품 > 전기장비 > 전기장비 > 가정용전기기기,2.2,1,3752(주방용 및 난방용 전기기기)
10,기타가정용전기기기,총지수 > 공산품 > 전기장비 > 전기장비 > 가정용전기기기,4.2,1,3759(기타가정용전기기기)
8,기타전기장비,총지수 > 공산품 > 전기장비 > 전기장비,7.8,1,3799(기타 전기장비)
10,전구및램프,총지수 > 공산품 > 전기장비 > 전기장비 > 기타전기장비,0.5,1,3791(전구 및 램프)
10,기타전기장비,총지수 > 공산품 > 전기장비 > 전기장비 > 기타전기장비,7.3,1,3799(기타 전기장비)
4,기계및장비,총지수 > 공산품,79.6,0,
6,일반목적용기계,총지수 > 공산품 > 기계및장비,36.2,0,
8,내연기관및터빈,총지수 > 공산품 > 기계및장비 > 일반목적용기계,3.9,1,3810(내연기관 및 터빈)
10,내연기관및터빈,총지수 > 공산품 > 기계및장비 > 일반목적용기계 > 내연기관및터빈,3.9,1,3810(내연기관 및 터빈)
8,펌프및압축기,총지수 > 공산품 > 기계및장비 > 일반목적용기계,8,1,3820(펌프 및 압축기)
10,펌프및압축기,총지수 > 공산품 > 기계및장비 > 일반목적용기계 > 펌프및압축기,8,1,3820(펌프 및 압축기)
8,일반목적용기계부품,총지수 > 공산품 > 기계및장비 > 일반목적용기계,8.4,0,
10,밸브,총지수 > 공산품 > 기계및장비 > 일반목적용기계 > 일반목적용기계부품,4.4,1,3831(밸브)
10,"베어링,기어및동력전달장치",총지수 > 공산품 > 기계및장비 > 일반목적용기계 > 일반목적용기계부품,4,1,"3832(베어링, 기어 및 동력전달장치)"
8,산업용운반기계,총지수 > 공산품 > 기계및장비 > 일반목적용기계,2.8,1,3840(산업용 운반기계)
10,산업용운반기계,총지수 > 공산품 > 기계및장비 > 일반목적용기계 > 산업용운반기계,2.8,1,3840(산업용 운반기계)
8,공기및액체조절장치,총지수 > 공산품 > 기계및장비 > 일반목적용기계,7.6,0,
10,공기조절장치및냉장냉동장비,총지수 > 공산품 > 기계및장비 > 일반목적용기계 > 공기및액체조절장치,3.5,1,3851(공기조절 장치 및 냉장 냉동 장비)
10,공기및액체여과기,총지수 > 공산품 > 기계및장비 > 일반목적용기계 > 공기및액체조절장치,4.1,1,3852(공기 및 액체 여과기)
8,기타일반목적용기계,총지수 > 공산품 > 기계및장비 > 일반목적용기계,5.5,1,3899(기타 일반목적용 기계)
10,기타일반목적용기계,총지수 > 공산품 > 기계및장비 > 일반목적용기계 > 기타일반목적용기계,5.5,1,3899(기타 일반목적용 기계)
6,특수목적용기계,총지수 > 공산품 > 기계및장비,43.4,0,
8,금속가공용기계,총지수 > 공산품 > 기계및장비 > 특수목적용기계,2.2,1,3920(금속가공용기계)
10,금속가공용기계,총지수 > 공산품 > 기계및장비 > 특수목적용기계 > 금속가공용기계,2.2,1,3920(금속가공용기계)
8,반도체및디스플레이제조용기계,총지수 > 공산품 > 기계및장비 > 특수목적용기계,32.2,0,
10,반도체제조용기계,총지수 > 공산품 > 기계및장비 > 특수목적용기계 > 반도체및디스플레이제조용기계,31.6,1,3941(반도체 제조용 기계)
10,디스플레이제조용기계,총지수 > 공산품 > 기계및장비 > 특수목적용기계 > 반도체및디스플레이제조용기계,0.6,1,3942(디스플레이 제조용 기계)
8,기타특수목적용기계,총지수 > 공산품 > 기계및장비 > 특수목적용기계,9,1,3999(기타 특수목적용 기계)
10,산업용로봇,총지수 > 공산품 > 기계및장비 > 특수목적용기계 > 기타특수목적용기계,4.1,1,3993(산업용 로봇)
10,제지및인쇄기계,총지수 > 공산품 > 기계및장비 > 특수목적용기계 > 기타특수목적용기계,4.9,1,3994(제지 및 인쇄기계)
4,운송장비,총지수 > 공산품,41,0,
6,자동차및부품,총지수 > 공산품 > 운송장비,39.4,0,
8,자동차,총지수 > 공산품 > 운송장비 > 자동차및부품,26.1,0,
10,승용차,총지수 > 공산품 > 운송장비 > 자동차및부품 > 자동차,25,1,4011(승용차)
10,트럭,총지수 > 공산품 > 운송장비 > 자동차및부품 > 자동차,1.1,1,4013(트럭)
8,자동차부품,총지수 > 공산품 > 운송장비 > 자동차및부품,13.3,0,
10,자동차용엔진,총지수 > 공산품 > 운송장비 > 자동차및부품 > 자동차부품,3.5,1,4031(자동차용 엔진)
10,자동차부분품,총지수 > 공산품 > 운송장비 > 자동차및부품 > 자동차부품,9.8,1,4032(자동차 부분품)
6,기타운송장비,총지수 > 공산품 > 운송장비,1.6,0,
8,기타운송장비,총지수 > 공산품 > 운송장비 > 기타운송장비,1.6,0,
10,모터사이클,총지수 > 공산품 > 운송장비 > 기타운송장비 > 기타운송장비,1.6,1,4291(모터사이클)
4,기타제조업제품,총지수 > 공산품,12.4,1,4399(기타 제조업 제품)
6,기타제조업제품,총지수 > 공산품 > 기타제조업제품,12.4,1,4399(기타 제조업 제품)
8,가구,총지수 > 공산품 > 기타제조업제품 > 기타제조업제품,5.4,0,
10,기타가구,총지수 > 공산품 > 기타제조업제품 > 기타제조업제품 > 가구,5.4,1,4319(기타 가구)
8,기타제조업제품,총지수 > 공산품 > 기타제조업제품 > 기타제조업제품,7,1,4399(기타 제조업 제품)
10,장난감및오락용품,총지수 > 공산품 > 기타제조업제품 > 기타제조업제품 > 기타제조업제품,3,1,4391(장난감 및 오락용품)
10,운동및경기용품,총지수 > 공산품 > 기타제조업제품 > 기타제조업제품 > 기타제조업제품,4,1,4392(운동 및 경기용품)
