code,name
0111,벼
0112,맥류 및 잡곡
0113,콩류
0114,감자류
0121,채소
0122,과실
0191,화훼작물 
0192,약용작물
0193,잎담배
0194,천연고무
0195,종자
0196,기타식용작물
0199,기타 비식용작물
0211,낙농
0212,축우
0291,양돈
0292,가금
0299,기타축산
0301,영림
0302,원목
0303,식용 임산물
0309,기타 임산물
0401,수산어획
0402,수산양식
0500,농림어업 서비스
0611,무연탄
0612,유연탄
0621,원유
0622,천연가스(LNG) 
0711,철광석
0719,기타 비철금속광석
0721,골재 및 석재
0722,석회석
0729,기타 비금속광물
0811,도축육
0812,가금육
0813,육가공품
0814,낙농품
0821,수산물 가공품
0822,수산동물 저장품
0831,정곡
0832,제분
0841,원당
0842,정제당
0843,전분 및 당류
0851,"떡, 빵 및 과자류"
0852,면류
0861,조미료 및 첨가용식품
0862,유지
0871,과실 및 채소 가공품
0872,커피 및 차류
0873,인삼 및 건강보조 식품
0879,기타 식료품
0880,사료
0911,주정
0912,소주
0913,맥주
0919,기타 주류
0920,비알콜음료 및 얼음
1000,담배
1111,천연 및 화학섬유사
1119,기타섬유사
1121,천연 및 화학 섬유직물
1122,기타 섬유직물
1123,편조원단
1130,섬유표백 및 염색 임가공
1141,직물제품
1142,부직포 및 펠트
1149,기타 섬유제품
1151,봉제 의류
1152,편조의류
1153,가죽의류
1154,모피의류 및 모피제품
1155,의복 관련 장신품
1201,가죽
1202,모피
1203,가방 및 핸드백
1204,신발
1209,기타 가죽제품
1311,제재목
1312,합판
1313,강화 및 재생목재
1321,건축용 목제품
1322,목재 용기 및 적재판
1329,기타 목제품
1410,펄프
1421,인쇄용지
1429,기타 원지 및 판지
1431,골판지 및 골판지가공품
1432,종이용기
1433,종이문구 및 사무용지
1434,위생용 종이제품
1439,기타 종이제품
1500,인쇄 및 기록매체 복제
1611,석탄코크스 및 석탄 관련제품
1612,연탄
1621,나프타
1622,휘발유
1623,제트유
1624,등유
1625,경유
1626,중유
1627,액화석유가스
1628,정제혼합용 원료유
1631,윤활유 및 그리스
1639,기타 석유정제제품
1711,지방족 기초유분
1712,방향족 기초유분
1713,석유화학중간제품
1719,기타 기초유기화합물
1721,산업용 가스
1722,기초무기화합물
1723,"염료, 안료 및 유연제"
1801,합성수지
1802,합성고무
1900,화학섬유
2000,의약품
2101,비료 및 질소화합물
2102,살충제 및 농약
2211,도료
2212,잉크
2221,"비누, 세제 및 치약"
2222,화장품
2291,접착제 및 젤라틴
2292,사진용 화학제품 및 감광재료
2299,기타 화학제품
2310,플라스틱 1차제품
2391,건축용 플라스틱제품
2392,포장용 플라스틱제품
2393,운송장비 및 조립용 플라스틱제품
2399,기타 플라스틱제품
2410,타이어 및 튜브
2491,산업용 고무제품
2499,기타 고무제품
2501,판유리 및 1차 유리제품
2502,전자기기용 유리제품
2503,산업용 유리제품(전자기기용 제외)
2509,기타 유리제품
2611,가정용 도자기
2612,산업용 도자기
2613,내화요업제품
2614,건설용 비내화요업제품
2620,시멘트
2631,레미콘
2632,콘크리트 제품
2691,석회 및 석고제품
2692,석제품
2693,연마재
2694,아스콘 및 아스팔트 제품
2699,기타 비금속광물 제품
2711,선철
2712,합금철
2713,조강
2721,철근 및 봉강
2722,형강
2723,선재 및 궤조
2724,중후판(두께 3mm 이상)
2725,열연강판
2726,강선
2727,철강관
2730,냉간압연강재
2791,표면처리강재
2799,기타 철강1차제품
2811,"동 제련, 정련 및 합금제품"
2812,"알루미늄 제련, 정련 및 합금제품"
2813,"연 및 아연 제련, 정련 및 합금제품"
2814,금은괴
2819,"기타 비철금속 제련, 정련 및 합금제품"
2821,동 1차제품
2822,알루미늄 1차제품
2829,기타 비철금속 1차제품
2900,금속 주물
3011,건축용 금속제품
3012,구조물용 금속제품
3013,금속제 탱크 및 압력용기
3014,산업용 보일러 및 증기 발생기
3021,금속 단조 및 야금제품
3022,금속압형제품
3031,금속처리
3032,금속처리 가공품
3091,가정용 금속제품
3092,부착용 금속제품
3093,공구류
3094,나사 및 철선 제품
3095,금속포장용기
3099,기타 금속제품
3101,개별소자
3102,집적회로
3201,LCD 평판 디스플레이
3209,기타 전자표시장치
3310,인쇄회로기판 및 실장기판
3391,"축전기, 저항기, 전자코일 및 변성기"
3399,기타 전자부품
3401,컴퓨터
3402,컴퓨터 기억장치
3409,컴퓨터 주변기기
3511,유선통신기기
3512,이동전화기
3519,기타 무선통신장비 및 방송장비
3521,TV
3522,영상기기
3523,오디오 및 음향기기
3611,의료용 기기
3612,측정 및 분석기기
3613,자동조정 및 제어기기
3691,사진기 및 영사기
3692,기타광학기기
3693,시계
3710,발전기 및 전동기
3721,변압기
3722,전기변환장치
3723,전기회로 개폐 및 접속장치
3724,배전반 및 전기자동 제어반
3730,전지
3740,전선 및 케이블
3751,가정용 냉장고 및 냉동고
3752,주방용 및 난방용 전기기기
3759,기타가정용전기기기
3791,전구 및 램프
3792,조명장치
3799,기타 전기장비
3810,내연기관 및 터빈
3820,펌프 및 압축기
3831,밸브
3832,"베어링, 기어 및 동력전달장치"
3840,산업용 운반기계
3851,공기조절 장치 및 냉장 냉동 장비
3852,공기 및 액체 여과기
3891,사무용기기
3899,기타 일반목적용 기계
3911,농업용 기계
3912,건설 및 광물처리기계
3920,금속가공용기계
3930,금형 및 주형
3941,반도체 제조용 기계
3942,디스플레이 제조용 기계
3991,음식료품 가공기계
3992,섬유 및 의복가공 기계
3993,산업용 로봇
3994,제지 및 인쇄기계
3995,고무 및 플라스틱 성형기계
3999,기타 특수목적용 기계
4011,승용차
4012,버스
4013,트럭
4021,특장차
4022,트레일러 및 컨테이너
4031,자동차용 엔진
4032,자동차 부분품
4101,강철제 선박
4102,기타 선박
4103,선박 수리 및 부분품
4210,철도차량
4220,항공기
4291,모터사이클
4299,기타 운수장비
4311,목재 가구
4312,금속 가구
4319,기타 가구
4391,장난감 및 오락용품
4392,운동 및 경기용품
4393,악기
4394,문구용품
4395,귀금속 및 보석
4396,모형 및 장식용품
4399,기타 제조업 제품
4401,제조임가공서비스　
4402,산업용 기계 및 장비 수리
4501,수력
4502,화력
4503,원자력
4504,자가발전
4505,신재생에너지
4610,도시가스
4620,증기 및 온수 공급
4700,수도
4801,"하수, 폐수 및 분뇨 처리(국공립)"
4802,"하수, 폐수 및 분뇨 처리(산업)"
4911,"폐기물 수집, 운반 및 처리(국공립)"
4912,"폐기물 수집, 운반 및 처리(산업)"
4920,자원재활용서비스
5010,주거용 건물
5020,비주거용 건물
5030,건축보수
5111,도로시설
5112,철도시설
5113,항만시설
5121,하천사방
5122,상하수도시설
5123,농림수산토목
5124,도시토목
5131,환경정화시설
5132,통신시설
5133,전력시설
5134,산업플랜트
5190,기타 건설
5200,도소매 및 상품중개서비스
5310,철도운송서비스
5321,도로여객운송서비스
5322,도로화물운송서비스
5401,연안 및 내륙수상운송서비스
5402,외항운송서비스
5500,항공운송서비스
5611,육상운송보조서비스
5612,수상운송보조서비스
5613,항공운송보조서비스
5620,하역서비스
5630,보관 및 창고서비스
5690,기타 운송 관련 서비스
5710,공영우편서비스
5720,소화물전문운송서비스
5811,일반음식점
5812,기타음식점
5813,주점
5814,비알콜음료점
5820,숙박
5911,유선통신서비스
5912,무선 및 위성 통신서비스
5991,통신 재판매 및 중개 서비스
5999,기타 전기통신서비스
6001,지상파 방송서비스
6002,"유선, 위성 및 기타방송서비스"
6100,정보제공서비스
6211,게임소프트웨어 출판
6212,소프트웨어 개발 공급
6290,기타 IT서비스
6300,신문 및 출판
6401,영상·오디오물 제작 배급
6402,영화상영
6510,중앙은행 및 예금취급기관
6591,금융투자기관
6599,기타 금융중개기관
6601,생명보험
6602,연금기금
6603,비생명보험
6700,금융 및 보험 보조 서비스
6800,주거서비스
6911,비주거용 건물 임대
6912,부동산 개발 및 공급
6920,부동산 관련 서비스
7001,연구개발(국공립)
7002,연구개발(비영리) 
7003,연구개발(산업)
7004,기업내 연구개발
7111,법무 및 회계서비스
7112,시장조사 및 경영지원서비스
7120,광고
7210,건축·토목 관련 서비스
7291,공학 관련 서비스
7292,과학기술서비스
7299,기타 전문 서비스
7300,장비·용품 및 지식재산권 임대
7410,사업시설 유지관리 및 조경서비스
7420,인력공급 및 알선
7490,기타 사업지원서비스
7511,중앙정부
7512,지방정부
7520,사회보험(국공립)
7601,교육서비스(국공립)
7602,교육서비스(비영리)
7603,교육서비스(산업)
7701,의료 및 보건(국공립)
7702,의료 및 보건(비영리)
7703,의료 및 보건(산업)
7801,사회복지서비스(국공립)
7802,사회복지서비스(비영리)
7901,문화서비스(국공립)
7902,"연극, 음악 및 기타예술"
7903,기타 문화서비스
7904,여행사 및 여행보조 서비스
8001,스포츠 서비스
8002,오락 서비스
8101,산업 및 전문가 단체
8109,기타 사회 단체
8211,자동차 수리서비스
8212,전자통신기기 및 가정용품 수리서비스
8221,미용관련 서비스
8222,세탁
8223,가사서비스
8229,기타 개인 서비스
8300,기타
9590,중간투입계
