code,name,raw_material_category,raw_material_confidence,raw_material_note,istans_industry_code,istans_industry_name
0111,벼,농산물,확실,벼,I1,농림어업
0112,맥류 및 잡곡,농산물,확실,맥류 및 잡곡,I1,농림어업
0113,콩류,농산물,확실,콩류,I1,농림어업
0114,감자류,농산물,확실,감자류,I1,농림어업
0121,채소,농산물,확실,채소,I1,농림어업
0122,과실,농산물,확실,과실,I1,농림어업
0191,화훼작물 ,농산물,중간,화훼작물,I1,농림어업
0192,약용작물,농산물,중간,약용작물,I1,농림어업
0193,잎담배,농산물,확실,잎담배 - ISTANS 담배(I3402) 업종과 직결되는 우선순위 매치,I1,농림어업
0194,천연고무,농산물,중간,천연고무 - 고무업종 원료. '농산물' 분류가 맞는지 애매(원자재 성격은 강함),I1,농림어업
0195,종자,농산물,낮음,종자,I1,농림어업
0196,기타식용작물,농산물,낮음,기타식용작물,I1,농림어업
0199,기타 비식용작물,농산물,낮음,"기타 비식용작물 - 섬유용 작물(대마 등)이 여기 섞여있을 가능성 있음, 섬유원료와 겹칠 수 있음",I1,농림어업
0211,낙농,해당없음,-,,I1,농림어업
0212,축우,해당없음,-,,I1,농림어업
0291,양돈,해당없음,-,,I1,농림어업
0292,가금,해당없음,-,,I1,농림어업
0299,기타축산,해당없음,-,,I1,농림어업
0301,영림,해당없음,-,,I1,농림어업
0302,원목,목재,확실,원목,I1,농림어업
0303,식용 임산물,해당없음,-,,I1,농림어업
0309,기타 임산물,해당없음,-,,I1,농림어업
0401,수산어획,해당없음,-,,I1,농림어업
0402,수산양식,해당없음,-,,I1,농림어업
0500,농림어업 서비스,해당없음,-,,I1,농림어업
0611,무연탄,미분류-검토,-,무연탄. 8개 카테고리에 '석탄' 항목 없음 - 원유에 합칠지 별도로 둘지 확인 필요,I2,광업
0612,유연탄,미분류-검토,-,유연탄. 위와 동일,I2,광업
0621,원유,원유,확실,,I2,광업
0622,천연가스(LNG) ,미분류-검토,-,천연가스(LNG). 원유와 별개 계열. '원유' 카테고리에 포함할지 팀 확인 필요,I2,광업
0711,철광석,철강1차제품-상류,중간,철광석(원료광물). 철강1차제품의 투입원료 - 이것도 같이 볼지 확인 필요,I2,광업
0719,기타 비철금속광석,비철금속괴-상류,중간,기타 비철금속광석(원료광물). 비철금속괴의 투입원료,I2,광업
0721,골재 및 석재,비금속광물,중간,골재 및 석재 - ECOS엔 이 코드 대응 항목 없음(0729만 있음),I2,광업
0722,석회석,비금속광물,중간,석회석 - ECOS엔 이 코드 대응 항목 없음(0729만 있음),I2,광업
0729,기타 비금속광물,비금속광물,확실,"기타 비금속광물 - ECOS '비금속광물' 항목과 정확히 일치, 9/27 팀 확정",I2,광업
0811,도축육,해당없음,-,,I3401,음식료
0812,가금육,해당없음,-,,I3401,음식료
0813,육가공품,해당없음,-,,I3401,음식료
0814,낙농품,해당없음,-,,I3401,음식료
0821,수산물 가공품,해당없음,-,,I3401,음식료
0822,수산동물 저장품,해당없음,-,,I3401,음식료
0831,정곡,해당없음,-,,I3401,음식료
0832,제분,해당없음,-,,I3401,음식료
0841,원당,해당없음,-,,I3401,음식료
0842,정제당,해당없음,-,,I3401,음식료
0843,전분 및 당류,해당없음,-,,I3401,음식료
0851,"떡, 빵 및 과자류",해당없음,-,,I3401,음식료
0852,면류,해당없음,-,,I3401,음식료
0861,조미료 및 첨가용식품,해당없음,-,,I3401,음식료
0862,유지,해당없음,-,,I3401,음식료
0871,과실 및 채소 가공품,해당없음,-,,I3401,음식료
0872,커피 및 차류,해당없음,-,,I3401,음식료
0873,인삼 및 건강보조 식품,해당없음,-,,I3401,음식료
0879,기타 식료품,해당없음,-,,I3401,음식료
0880,사료,해당없음,-,,I3401,음식료
0911,주정,해당없음,-,,I3401,음식료
0912,소주,해당없음,-,,I3401,음식료
0913,맥주,해당없음,-,,I3401,음식료
0919,기타 주류,해당없음,-,,I3401,음식료
0920,비알콜음료 및 얼음,해당없음,-,,I3401,음식료
1000,담배,해당없음,-,,I3402,담배
1111,천연 및 화학섬유사,섬유원료-기본안,확실,"천연 및 화학섬유사(실) - 9/27 팀 확정, ECOS 실측 가격지수 있음",I3403,섬유
1119,기타섬유사,섬유원료-확장검증(대리지수),중간,"기타섬유사 - ECOS 가격지수 없어 1111 가격을 대리로 사용. 기본안엔 미포함, 강건성 검정에서만 추가",I3403,섬유
1121,천연 및 화학 섬유직물,섬유원료-제외,-,천연 및 화학 섬유직물 - 실보다 하류(완제품에 더 가까움)라 9/27 제외 결정,I3403,섬유
1122,기타 섬유직물,섬유원료-제외,-,기타 섬유직물 - 위와 동일,I3403,섬유
1123,편조원단,해당없음,-,,I3403,섬유
1130,섬유표백 및 염색 임가공,해당없음,-,,I3403,섬유
1141,직물제품,해당없음,-,,I3403,섬유
1142,부직포 및 펠트,해당없음,-,,I3403,섬유
1149,기타 섬유제품,해당없음,-,,I3403,섬유
1151,봉제 의류,해당없음,-,,I3404,의류
1152,편조의류,해당없음,-,,I3404,의류
1153,가죽의류,해당없음,-,,I3404,의류
1154,모피의류 및 모피제품,해당없음,-,,I3404,의류
1155,의복 관련 장신품,해당없음,-,,I3404,의류
1201,가죽,해당없음,-,,I3405,가죽신발
1202,모피,해당없음,-,,I3405,가죽신발
1203,가방 및 핸드백,해당없음,-,,I3405,가죽신발
1204,신발,해당없음,-,,I3405,가죽신발
1209,기타 가죽제품,해당없음,-,,I3405,가죽신발
1311,제재목,목재,확실,제재목,I3406,목재
1312,합판,목재,확실,합판,I3406,목재
1313,강화 및 재생목재,목재,확실,강화 및 재생목재,I3406,목재
1321,건축용 목제품,목재-하류,중간,건축용 목제품 - 원자재보다 완제품에 가까움,I3406,목재
1322,목재 용기 및 적재판,목재-하류,중간,목재 용기 및 적재판,I3406,목재
1329,기타 목제품,목재-하류,중간,기타 목제품,I3406,목재
1410,펄프,펄프,확실,,I3407,제지
1421,인쇄용지,펄프-하류,낮음,"인쇄용지(펄프가 원료인 완제품, 펄프 자체 아님)",I3407,제지
1429,기타 원지 및 판지,펄프-하류,낮음,기타 원지 및 판지,I3407,제지
1431,골판지 및 골판지가공품,해당없음,-,,I3407,제지
1432,종이용기,해당없음,-,,I3407,제지
1433,종이문구 및 사무용지,해당없음,-,,I3407,제지
1434,위생용 종이제품,해당없음,-,,I3407,제지
1439,기타 종이제품,해당없음,-,,I3407,제지
1500,인쇄 및 기록매체 복제,해당없음,-,,I3408,인쇄
1611,석탄코크스 및 석탄 관련제품,해당없음,-,,I3301,석유정제
1612,연탄,해당없음,-,,I3301,석유정제
1621,나프타,해당없음,-,,I3301,석유정제
1622,휘발유,해당없음,-,,I3301,석유정제
1623,제트유,해당없음,-,,I3301,석유정제
1624,등유,해당없음,-,,I3301,석유정제
1625,경유,해당없음,-,,I3301,석유정제
1626,중유,해당없음,-,,I3301,석유정제
1627,액화석유가스,해당없음,-,,I3301,석유정제
1628,정제혼합용 원료유,해당없음,-,,I3301,석유정제
1631,윤활유 및 그리스,해당없음,-,,I3301,석유정제
1639,기타 석유정제제품,해당없음,-,,I3301,석유정제
1711,지방족 기초유분,해당없음,-,,I3201,석유화학
1712,방향족 기초유분,해당없음,-,,I3201,석유화학
1713,석유화학중간제품,해당없음,-,,I3201,석유화학
1719,기타 기초유기화합물,해당없음,-,,I3201,석유화학
1721,산업용 가스,해당없음,-,,I3201,석유화학
1722,기초무기화합물,해당없음,-,,I3201,석유화학
1723,"염료, 안료 및 유연제",해당없음,-,,I3201,석유화학
1801,합성수지,해당없음,-,,I3201,석유화학
1802,합성고무,해당없음,-,,I3201,석유화학
1900,화학섬유,해당없음,-,,I3403,섬유
2000,의약품,해당없음,-,,I3101,의약
2101,비료 및 질소화합물,해당없음,-,,I3202,정밀화학
2102,살충제 및 농약,해당없음,-,,I3202,정밀화학
2211,도료,해당없음,-,,I3202,정밀화학
2212,잉크,해당없음,-,,I3202,정밀화학
2221,"비누, 세제 및 치약",해당없음,-,,I3202,정밀화학
2222,화장품,해당없음,-,,I3202,정밀화학
2291,접착제 및 젤라틴,해당없음,-,,I3202,정밀화학
2292,사진용 화학제품 및 감광재료,해당없음,-,,I3202,정밀화학
2299,기타 화학제품,해당없음,-,,I3202,정밀화학
2310,플라스틱 1차제품,해당없음,-,,I3303,플라스틱
2391,건축용 플라스틱제품,해당없음,-,,I3303,플라스틱
2392,포장용 플라스틱제품,해당없음,-,,I3303,플라스틱
2393,운송장비 및 조립용 플라스틱제품,해당없음,-,,I3303,플라스틱
2399,기타 플라스틱제품,해당없음,-,,I3303,플라스틱
2410,타이어 및 튜브,해당없음,-,,I3302,고무
2491,산업용 고무제품,해당없음,-,,I3302,고무
2499,기타 고무제품,해당없음,-,,I3302,고무
2501,판유리 및 1차 유리제품,비금속광물제품-제외,-,판유리 및 1차 유리제품 - 위와 동일,I3304,유리
2502,전자기기용 유리제품,비금속광물제품-제외,-,전자기기용 유리제품 - 위와 동일,I3304,유리
2503,산업용 유리제품(전자기기용 제외),비금속광물제품-제외,-,산업용 유리제품 - 위와 동일,I3304,유리
2509,기타 유리제품,비금속광물제품-제외,-,기타 유리제품 - 위와 동일,I3304,유리
2611,가정용 도자기,비금속광물제품-제외,-,"가정용 도자기 - ECOS의 별도 항목 '비금속광물제품'에 해당, 9/27 제외 결정",I3305,세라믹
2612,산업용 도자기,비금속광물제품-제외,-,산업용 도자기 - 위와 동일,I3305,세라믹
2613,내화요업제품,비금속광물제품-제외,-,내화요업제품 - 위와 동일,I3305,세라믹
2614,건설용 비내화요업제품,비금속광물제품-제외,-,건설용 비내화요업제품 - 위와 동일,I3305,세라믹
2620,시멘트,비금속광물제품-제외,-,시멘트 - 위와 동일,I3306,시멘트
2631,레미콘,비금속광물제품-제외,-,레미콘 - 위와 동일,I3306,시멘트
2632,콘크리트 제품,비금속광물제품-제외,-,콘크리트 제품 - 위와 동일,I3306,시멘트
2691,석회 및 석고제품,비금속광물제품-제외,-,석회 및 석고제품 - 위와 동일,I3307,기타비금속
2692,석제품,비금속광물제품-제외,-,석제품 - 위와 동일,I3307,기타비금속
2693,연마재,비금속광물제품-제외,-,연마재 - 위와 동일,I3307,기타비금속
2694,아스콘 및 아스팔트 제품,비금속광물제품-제외,-,아스콘 및 아스팔트 제품 - 위와 동일,I3307,기타비금속
2699,기타 비금속광물 제품,비금속광물제품-제외,-,기타 비금속광물 제품 - 위와 동일,I3307,기타비금속
2711,선철,철강1차제품,확실,,I3308,철강
2712,합금철,철강1차제품,확실,,I3308,철강
2713,조강,철강1차제품,확실,,I3308,철강
2721,철근 및 봉강,철강1차제품,확실,,I3308,철강
2722,형강,철강1차제품,확실,,I3308,철강
2723,선재 및 궤조,철강1차제품,확실,,I3308,철강
2724,중후판(두께 3mm 이상),철강1차제품,확실,,I3308,철강
2725,열연강판,철강1차제품,확실,,I3308,철강
2726,강선,철강1차제품,확실,,I3308,철강
2727,철강관,철강1차제품,확실,,I3308,철강
2730,냉간압연강재,철강1차제품,확실,,I3308,철강
2791,표면처리강재,철강1차제품,확실,,I3308,철강
2799,기타 철강1차제품,철강1차제품,확실,코드명이 카테고리명과 완전히 동일(기타 철강1차제품),I3308,철강
2811,"동 제련, 정련 및 합금제품",비철금속괴,확실,,I3309,비철금속
2812,"알루미늄 제련, 정련 및 합금제품",비철금속괴,확실,,I3309,비철금속
2813,"연 및 아연 제련, 정련 및 합금제품",비철금속괴,확실,,I3309,비철금속
2814,금은괴,비철금속괴,확실,금은괴 - '괴' 명칭 정확히 일치,I3309,비철금속
2819,"기타 비철금속 제련, 정련 및 합금제품",비철금속괴,확실,,I3309,비철금속
2821,동 1차제품,비철금속괴,확실,,I3309,비철금속
2822,알루미늄 1차제품,비철금속괴,확실,,I3309,비철금속
2829,기타 비철금속 1차제품,비철금속괴,확실,,I3309,비철금속
2900,금속 주물,미분류-검토,-,금속 주물. 비철금속괴 다음 가공단계라 포함 여부 애매,I3310,주조
3011,건축용 금속제품,해당없음,-,,I3311,조립금속
3012,구조물용 금속제품,해당없음,-,,I3311,조립금속
3013,금속제 탱크 및 압력용기,해당없음,-,,I3311,조립금속
3014,산업용 보일러 및 증기 발생기,해당없음,-,,I3311,조립금속
3021,금속 단조 및 야금제품,해당없음,-,,I3311,조립금속
3022,금속압형제품,해당없음,-,,I3311,조립금속
3031,금속처리,해당없음,-,,I3311,조립금속
3032,금속처리 가공품,해당없음,-,,I3311,조립금속
3091,가정용 금속제품,해당없음,-,,I3311,조립금속
3092,부착용 금속제품,해당없음,-,,I3311,조립금속
3093,공구류,해당없음,-,,I3311,조립금속
3094,나사 및 철선 제품,해당없음,-,,I3311,조립금속
3095,금속포장용기,해당없음,-,,I3311,조립금속
3099,기타 금속제품,해당없음,-,,I3311,조립금속
3101,개별소자,해당없음,-,,I3102,반도체
3102,집적회로,해당없음,-,,I3102,반도체
3201,LCD 평판 디스플레이,해당없음,-,,I3103,디스플레이
3209,기타 전자표시장치,해당없음,-,,I3103,디스플레이
3310,인쇄회로기판 및 실장기판,해당없음,-,,I3203,기타 전자부품
3391,"축전기, 저항기, 전자코일 및 변성기",해당없음,-,,I3203,기타 전자부품
3399,기타 전자부품,해당없음,-,,I3203,기타 전자부품
3401,컴퓨터,해당없음,-,,I3104,컴퓨터
3402,컴퓨터 기억장치,해당없음,-,,I3104,컴퓨터
3409,컴퓨터 주변기기,해당없음,-,,I3104,컴퓨터
3511,유선통신기기,해당없음,-,,I3105,통신기기
3512,이동전화기,해당없음,-,,I3105,통신기기
3519,기타 무선통신장비 및 방송장비,해당없음,-,,I3105,통신기기
3521,TV,해당없음,-,,I3106,가전
3522,영상기기,해당없음,-,,I3106,가전
3523,오디오 및 음향기기,해당없음,-,,I3106,가전
3611,의료용 기기,해당없음,-,,I3107,정밀기기
3612,측정 및 분석기기,해당없음,-,,I3107,정밀기기
3613,자동조정 및 제어기기,해당없음,-,,I3107,정밀기기
3691,사진기 및 영사기,해당없음,-,,I3107,정밀기기
3692,기타광학기기,해당없음,-,,I3107,정밀기기
3693,시계,해당없음,-,,I3107,정밀기기
3710,발전기 및 전동기,해당없음,-,,I3204,전기기기
3721,변압기,해당없음,-,,I3204,전기기기
3722,전기변환장치,해당없음,-,,I3204,전기기기
3723,전기회로 개폐 및 접속장치,해당없음,-,,I3204,전기기기
3724,배전반 및 전기자동 제어반,해당없음,-,,I3204,전기기기
3730,전지,해당없음,-,,I3108,전지
3740,전선 및 케이블,해당없음,-,,I3204,전기기기
3751,가정용 냉장고 및 냉동고,해당없음,-,,I3106,가전
3752,주방용 및 난방용 전기기기,해당없음,-,,I3106,가전
3759,기타가정용전기기기,해당없음,-,,I3106,가전
3791,전구 및 램프,해당없음,-,,I3204,전기기기
3792,조명장치,해당없음,-,,I3204,전기기기
3799,기타 전기장비,해당없음,-,,I3204,전기기기
3810,내연기관 및 터빈,해당없음,-,,I3205,일반목적기계
3820,펌프 및 압축기,해당없음,-,,I3205,일반목적기계
3831,밸브,해당없음,-,,I3205,일반목적기계
3832,"베어링, 기어 및 동력전달장치",해당없음,-,,I3205,일반목적기계
3840,산업용 운반기계,해당없음,-,,I3205,일반목적기계
3851,공기조절 장치 및 냉장 냉동 장비,해당없음,-,,I3205,일반목적기계
3852,공기 및 액체 여과기,해당없음,-,,I3205,일반목적기계
3891,사무용기기,해당없음,-,,I3205,일반목적기계
3899,기타 일반목적용 기계,해당없음,-,,I3205,일반목적기계
3911,농업용 기계,해당없음,-,,I3206,특수목적기계
3912,건설 및 광물처리기계,해당없음,-,,I3206,특수목적기계
3920,금속가공용기계,해당없음,-,,I3206,특수목적기계
3930,금형 및 주형,해당없음,-,,I3206,특수목적기계
3941,반도체 제조용 기계,해당없음,-,,I3206,특수목적기계
3942,디스플레이 제조용 기계,해당없음,-,,I3206,특수목적기계
3991,음식료품 가공기계,해당없음,-,,I3206,특수목적기계
3992,섬유 및 의복가공 기계,해당없음,-,,I3206,특수목적기계
3993,산업용 로봇,해당없음,-,,I3206,특수목적기계
3994,제지 및 인쇄기계,해당없음,-,,I3206,특수목적기계
3995,고무 및 플라스틱 성형기계,해당없음,-,,I3206,특수목적기계
3999,기타 특수목적용 기계,해당없음,-,,I3206,특수목적기계
4011,승용차,해당없음,-,,I3207,자동차
4012,버스,해당없음,-,,I3207,자동차
4013,트럭,해당없음,-,,I3207,자동차
4021,특장차,해당없음,-,,I3207,자동차
4022,트레일러 및 컨테이너,해당없음,-,,I3207,자동차
4031,자동차용 엔진,해당없음,-,,I3207,자동차
4032,자동차 부분품,해당없음,-,,I3207,자동차
4101,강철제 선박,해당없음,-,,I3312,조선
4102,기타 선박,해당없음,-,,I3312,조선
4103,선박 수리 및 부분품,해당없음,-,,I3312,조선
4210,철도차량,해당없음,-,,I3208,철도
4220,항공기,해당없음,-,,I3109,항공
4291,모터사이클,해당없음,-,,I3209,기타 수송장비
4299,기타 운수장비,해당없음,-,,I3209,기타 수송장비
4311,목재 가구,해당없음,-,,I3409,가구
4312,금속 가구,해당없음,-,,I3409,가구
4319,기타 가구,해당없음,-,,I3409,가구
4391,장난감 및 오락용품,해당없음,-,,I3410,기타 제조업
4392,운동 및 경기용품,해당없음,-,,I3410,기타 제조업
4393,악기,해당없음,-,,I3410,기타 제조업
4394,문구용품,해당없음,-,,I3410,기타 제조업
4395,귀금속 및 보석,해당없음,-,,I3410,기타 제조업
4396,모형 및 장식용품,해당없음,-,,I3410,기타 제조업
4399,기타 제조업 제품,해당없음,-,,I3410,기타 제조업
4401,제조임가공서비스　,해당없음,-,,I3410,기타 제조업
4402,산업용 기계 및 장비 수리,해당없음,-,,I3410,기타 제조업
4501,수력,해당없음,-,,I4,전기가스증기수도
4502,화력,해당없음,-,,I4,전기가스증기수도
4503,원자력,해당없음,-,,I4,전기가스증기수도
4504,자가발전,해당없음,-,,I4,전기가스증기수도
4505,신재생에너지,해당없음,-,,I4,전기가스증기수도
4610,도시가스,해당없음,-,,I4,전기가스증기수도
4620,증기 및 온수 공급,해당없음,-,,I4,전기가스증기수도
4700,수도,해당없음,-,,I4,전기가스증기수도
4801,"하수, 폐수 및 분뇨 처리(국공립)",해당없음,-,,I5,폐수처리 및 자원재활용
4802,"하수, 폐수 및 분뇨 처리(산업)",해당없음,-,,I5,폐수처리 및 자원재활용
4911,"폐기물 수집, 운반 및 처리(국공립)",해당없음,-,,I5,폐수처리 및 자원재활용
4912,"폐기물 수집, 운반 및 처리(산업)",해당없음,-,,I5,폐수처리 및 자원재활용
4920,자원재활용서비스,해당없음,-,,I5,폐수처리 및 자원재활용
5010,주거용 건물,해당없음,-,,I6,건설
5020,비주거용 건물,해당없음,-,,I6,건설
5030,건축보수,해당없음,-,,I6,건설
5111,도로시설,해당없음,-,,I6,건설
5112,철도시설,해당없음,-,,I6,건설
5113,항만시설,해당없음,-,,I6,건설
5121,하천사방,해당없음,-,,I6,건설
5122,상하수도시설,해당없음,-,,I6,건설
5123,농림수산토목,해당없음,-,,I6,건설
5124,도시토목,해당없음,-,,I6,건설
5131,환경정화시설,해당없음,-,,I6,건설
5132,통신시설,해당없음,-,,I6,건설
5133,전력시설,해당없음,-,,I6,건설
5134,산업플랜트,해당없음,-,,I6,건설
5190,기타 건설,해당없음,-,,I6,건설
5200,도소매 및 상품중개서비스,해당없음,-,,I7101,도·소매업
5310,철도운송서비스,해당없음,-,,I7102,운수·보관
5321,도로여객운송서비스,해당없음,-,,I7102,운수·보관
5322,도로화물운송서비스,해당없음,-,,I7102,운수·보관
5401,연안 및 내륙수상운송서비스,해당없음,-,,I7102,운수·보관
5402,외항운송서비스,해당없음,-,,I7102,운수·보관
5500,항공운송서비스,해당없음,-,,I7102,운수·보관
5611,육상운송보조서비스,해당없음,-,,I7102,운수·보관
5612,수상운송보조서비스,해당없음,-,,I7102,운수·보관
5613,항공운송보조서비스,해당없음,-,,I7102,운수·보관
5620,하역서비스,해당없음,-,,I7102,운수·보관
5630,보관 및 창고서비스,해당없음,-,,I7102,운수·보관
5690,기타 운송 관련 서비스,해당없음,-,,I7102,운수·보관
5710,공영우편서비스,해당없음,-,,I7102,운수·보관
5720,소화물전문운송서비스,해당없음,-,,I7102,운수·보관
5811,일반음식점,해당없음,-,,I7401,숙박·음식점
5812,기타음식점,해당없음,-,,I7401,숙박·음식점
5813,주점,해당없음,-,,I7401,숙박·음식점
5814,비알콜음료점,해당없음,-,,I7401,숙박·음식점
5820,숙박,해당없음,-,,I7401,숙박·음식점
5911,유선통신서비스,해당없음,-,,I7203,통신
5912,무선 및 위성 통신서비스,해당없음,-,,I7203,통신
5991,통신 재판매 및 중개 서비스,해당없음,-,,I7203,통신
5999,기타 전기통신서비스,해당없음,-,,I7203,통신
6001,지상파 방송서비스,해당없음,-,,I7202,방송
6002,"유선, 위성 및 기타방송서비스",해당없음,-,,I7202,방송
6100,정보제공서비스,해당없음,-,,I7204,정보
6211,게임소프트웨어 출판,해당없음,-,,I7201,출판
6212,소프트웨어 개발 공급,해당없음,-,,I7201,출판
6290,기타 IT서비스,해당없음,-,,I7201,출판
6300,신문 및 출판,해당없음,-,,I7201,출판
6401,영상·오디오물 제작 배급,해당없음,-,,I7201,출판
6402,영화상영,해당없음,-,,I7201,출판
6510,중앙은행 및 예금취급기관,해당없음,-,,I7205,금융·보험
6591,금융투자기관,해당없음,-,,I7205,금융·보험
6599,기타 금융중개기관,해당없음,-,,I7205,금융·보험
6601,생명보험,해당없음,-,,I7205,금융·보험
6602,연금기금,해당없음,-,,I7205,금융·보험
6603,비생명보험,해당없음,-,,I7205,금융·보험
6700,금융 및 보험 보조 서비스,해당없음,-,,I7205,금융·보험
6800,주거서비스,해당없음,-,,I7206,부동산
6911,비주거용 건물 임대,해당없음,-,,I7206,부동산
6912,부동산 개발 및 공급,해당없음,-,,I7206,부동산
6920,부동산 관련 서비스,해당없음,-,,I7206,부동산
7001,연구개발(국공립),해당없음,-,,I7208,전문·과학기술
7002,연구개발(비영리) ,해당없음,-,,I7208,전문·과학기술
7003,연구개발(산업),해당없음,-,,I7208,전문·과학기술
7004,기업내 연구개발,해당없음,-,,I7208,전문·과학기술
7111,법무 및 회계서비스,해당없음,-,,I7208,전문·과학기술
7112,시장조사 및 경영지원서비스,해당없음,-,,I7208,전문·과학기술
7120,광고,해당없음,-,,I7208,전문·과학기술
7210,건축·토목 관련 서비스,해당없음,-,,I7208,전문·과학기술
7291,공학 관련 서비스,해당없음,-,,I7208,전문·과학기술
7292,과학기술서비스,해당없음,-,,I7208,전문·과학기술
7299,기타 전문 서비스,해당없음,-,,I7208,전문·과학기술
7300,장비·용품 및 지식재산권 임대,해당없음,-,,I7207,임대
7410,사업시설 유지관리 및 조경서비스,해당없음,-,,I7209,사업시설관리서비스
7420,인력공급 및 알선,해당없음,-,,I7210,사업지원
7490,기타 사업지원서비스,해당없음,-,,I7210,사업지원
7511,중앙정부,해당없음,-,,I7301,공공행정
7512,지방정부,해당없음,-,,I7301,공공행정
7520,사회보험(국공립),해당없음,-,,I7305,사회복지
7601,교육서비스(국공립),해당없음,-,,I7303,교육
7602,교육서비스(비영리),해당없음,-,,I7303,교육
7603,교육서비스(산업),해당없음,-,,I7303,교육
7701,의료 및 보건(국공립),해당없음,-,,I7304,의료·보건
7702,의료 및 보건(비영리),해당없음,-,,I7304,의료·보건
7703,의료 및 보건(산업),해당없음,-,,I7304,의료·보건
7801,사회복지서비스(국공립),해당없음,-,,I7305,사회복지
7802,사회복지서비스(비영리),해당없음,-,,I7305,사회복지
7901,문화서비스(국공립),해당없음,-,,I7402,예술·스포츠·여가
7902,"연극, 음악 및 기타예술",해당없음,-,,I7402,예술·스포츠·여가
7903,기타 문화서비스,해당없음,-,,I7402,예술·스포츠·여가
7904,여행사 및 여행보조 서비스,해당없음,-,,I7402,예술·스포츠·여가
8001,스포츠 서비스,해당없음,-,,I7402,예술·스포츠·여가
8002,오락 서비스,해당없음,-,,I7402,예술·스포츠·여가
8101,산업 및 전문가 단체,해당없음,-,,I7403,기타 서비스
8109,기타 사회 단체,해당없음,-,,I7403,기타 서비스
8211,자동차 수리서비스,해당없음,-,,I7403,기타 서비스
8212,전자통신기기 및 가정용품 수리서비스,해당없음,-,,I7403,기타 서비스
8221,미용관련 서비스,해당없음,-,,I7403,기타 서비스
8222,세탁,해당없음,-,,I7403,기타 서비스
8223,가사서비스,해당없음,-,,I7403,기타 서비스
8229,기타 개인 서비스,해당없음,-,,I7403,기타 서비스
8300,기타,해당없음,-,,I7403,기타 서비스
